ISO-10303-21;
HEADER;
FILE_DESCRIPTION(('Open CASCADE Model'),'2;1');
FILE_NAME('Open CASCADE Shape Model','2026-10-02T07:15:19',('Author'),(
    'Open CASCADE'),'Open CASCADE STEP processor 8.0','build123d',
  'Unknown');
FILE_SCHEMA(('AUTOMOTIVE_DESIGN { 1 0 10303 214 1 1 1 1 }'));
ENDSEC;
DATA;
#1 = APPLICATION_PROTOCOL_DEFINITION('international standard',
  'automotive_design',2000,#2);
#2 = APPLICATION_CONTEXT(
  'core data for automotive mechanical design processes');
#3 = SHAPE_DEFINITION_REPRESENTATION(#4,#10);
#4 = PRODUCT_DEFINITION_SHAPE('','',#5);
#5 = PRODUCT_DEFINITION('design','',#6,#9);
#6 = PRODUCT_DEFINITION_FORMATION('','',#7);
#7 = PRODUCT('COMPOUND','COMPOUND','',(#8));
#8 = PRODUCT_CONTEXT('',#2,'mechanical');
#9 = PRODUCT_DEFINITION_CONTEXT('part definition',#2,'design');
#10 = ADVANCED_BREP_SHAPE_REPRESENTATION('',(#11,#15),#3412);
#11 = AXIS2_PLACEMENT_3D('',#12,#13,#14);
#12 = CARTESIAN_POINT('',(0.,0.,0.));
#13 = DIRECTION('',(0.,0.,1.));
#14 = DIRECTION('',(1.,0.,-0.));
#15 = MANIFOLD_SOLID_BREP('',#16);
#16 = CLOSED_SHELL('',(#17,#964,#1107,#1156,#1184,#1238,#1285,#1334,
    #1382,#1432,#1481,#1575,#1625,#1673,#1720,#1771,#1882,#1993,#2104,
    #2215,#2326,#2381,#2492,#2603,#2714,#2719,#3042,#3048,#3053,#3058,
    #3063,#3068,#3073,#3108,#3113,#3118,#3123,#3178,#3233,#3288,#3343,
    #3393,#3397,#3404,#3408));
#17 = ADVANCED_FACE('',(#18,#469,#527,#585,#643,#701,#759,#790,#848,#906
    ),#33,.T.);
#18 = FACE_BOUND('',#19,.T.);
#19 = EDGE_LOOP('',(#20,#60,#88,#121,#149,#182,#210,#239,#267,#300,#329,
    #357,#386,#414,#442));
#20 = ORIENTED_EDGE('',*,*,#21,.F.);
#21 = EDGE_CURVE('',#22,#24,#26,.T.);
#22 = VERTEX_POINT('',#23);
#23 = CARTESIAN_POINT('',(58.5,17.656443583009,9.7));
#24 = VERTEX_POINT('',#25);
#25 = CARTESIAN_POINT('',(66.656449200153,13.715946633181,9.7));
#26 = SURFACE_CURVE('',#27,(#32,#48),.PCURVE_S1.);
#27 = CIRCLE('',#28,18.);
#28 = AXIS2_PLACEMENT_3D('',#29,#30,#31);
#29 = CARTESIAN_POINT('',(55.,0.,9.7));
#30 = DIRECTION('',(0.,0.,-1.));
#31 = DIRECTION('',(0.150948246972,0.988541666667,0.));
#32 = PCURVE('',#33,#38);
#33 = PLANE('',#34);
#34 = AXIS2_PLACEMENT_3D('',#35,#36,#37);
#35 = CARTESIAN_POINT('',(55.,0.,9.7));
#36 = DIRECTION('',(0.,0.,1.));
#37 = DIRECTION('',(1.,0.,-0.));
#38 = DEFINITIONAL_REPRESENTATION('',(#39),#47);
#39 = ( BOUNDED_CURVE() B_SPLINE_CURVE(2,(#40,#41,#42,#43,#44,#45,#46),
.UNSPECIFIED.,.T.,.F.) B_SPLINE_CURVE_WITH_KNOTS((1,2,2,2,2,1),(
    -2.094395102393,0.,2.094395102393,4.188790204786,6.28318530718,
8.377580409573),.UNSPECIFIED.) CURVE() GEOMETRIC_REPRESENTATION_ITEM() 
RATIONAL_B_SPLINE_CURVE((1.,0.5,1.,0.5,1.,0.5,1.)) REPRESENTATION_ITEM(
  '') );
#40 = CARTESIAN_POINT('',(2.717068445494,17.79375));
#41 = CARTESIAN_POINT('',(33.536747502673,13.087649404762));
#42 = CARTESIAN_POINT('',(14.051305305842,-11.24992529761));
#43 = CARTESIAN_POINT('',(-5.434136890988,-35.5875));
#44 = CARTESIAN_POINT('',(-16.76837375133,-6.543824702381));
#45 = CARTESIAN_POINT('',(-28.10261061168,22.499850595238));
#46 = CARTESIAN_POINT('',(2.717068445494,17.79375));
#47 = ( GEOMETRIC_REPRESENTATION_CONTEXT(2) 
PARAMETRIC_REPRESENTATION_CONTEXT() REPRESENTATION_CONTEXT('2D SPACE',''
  ) );
#48 = PCURVE('',#49,#54);
#49 = CYLINDRICAL_SURFACE('',#50,18.);
#50 = AXIS2_PLACEMENT_3D('',#51,#52,#53);
#51 = CARTESIAN_POINT('',(55.,0.,2.5));
#52 = DIRECTION('',(0.,0.,1.));
#53 = DIRECTION('',(1.,0.,-0.));
#54 = DEFINITIONAL_REPRESENTATION('',(#55),#59);
#55 = LINE('',#56,#57);
#56 = CARTESIAN_POINT('',(7.702454193049,7.2));
#57 = VECTOR('',#58,1.);
#58 = DIRECTION('',(-1.,-0.));
#59 = ( GEOMETRIC_REPRESENTATION_CONTEXT(2) 
PARAMETRIC_REPRESENTATION_CONTEXT() REPRESENTATION_CONTEXT('2D SPACE',''
  ) );
#60 = ORIENTED_EDGE('',*,*,#61,.T.);
#61 = EDGE_CURVE('',#22,#62,#64,.T.);
#62 = VERTEX_POINT('',#63);
#63 = CARTESIAN_POINT('',(58.5,20.,9.7));
#64 = SURFACE_CURVE('',#65,(#69,#76),.PCURVE_S1.);
#65 = LINE('',#66,#67);
#66 = CARTESIAN_POINT('',(58.5,14.,9.7));
#67 = VECTOR('',#68,1.);
#68 = DIRECTION('',(2.22044604925E-16,1.,0.));
#69 = PCURVE('',#33,#70);
#70 = DEFINITIONAL_REPRESENTATION('',(#71),#75);
#71 = LINE('',#72,#73);
#72 = CARTESIAN_POINT('',(3.5,14.));
#73 = VECTOR('',#74,1.);
#74 = DIRECTION('',(2.22044604925E-16,1.));
#75 = ( GEOMETRIC_REPRESENTATION_CONTEXT(2) 
PARAMETRIC_REPRESENTATION_CONTEXT() REPRESENTATION_CONTEXT('2D SPACE',''
  ) );
#76 = PCURVE('',#77,#82);
#77 = PLANE('',#78);
#78 = AXIS2_PLACEMENT_3D('',#79,#80,#81);
#79 = CARTESIAN_POINT('',(58.5,14.,2.5));
#80 = DIRECTION('',(-1.,2.22044604925E-16,0.));
#81 = DIRECTION('',(0.,0.,1.));
#82 = DEFINITIONAL_REPRESENTATION('',(#83),#87);
#83 = LINE('',#84,#85);
#84 = CARTESIAN_POINT('',(7.2,0.));
#85 = VECTOR('',#86,1.);
#86 = DIRECTION('',(0.,1.));
#87 = ( GEOMETRIC_REPRESENTATION_CONTEXT(2) 
PARAMETRIC_REPRESENTATION_CONTEXT() REPRESENTATION_CONTEXT('2D SPACE',''
  ) );
#88 = ORIENTED_EDGE('',*,*,#89,.F.);
#89 = EDGE_CURVE('',#90,#62,#92,.T.);
#90 = VERTEX_POINT('',#91);
#91 = CARTESIAN_POINT('',(51.5,20.,9.7));
#92 = SURFACE_CURVE('',#93,(#98,#109),.PCURVE_S1.);
#93 = CIRCLE('',#94,3.5);
#94 = AXIS2_PLACEMENT_3D('',#95,#96,#97);
#95 = CARTESIAN_POINT('',(55.,20.,9.7));
#96 = DIRECTION('',(-0.,0.,-1.));
#97 = DIRECTION('',(-0.776305270141,-0.630357142857,0.));
#98 = PCURVE('',#33,#99);
#99 = DEFINITIONAL_REPRESENTATION('',(#100),#108);
#100 = ( BOUNDED_CURVE() B_SPLINE_CURVE(2,(#101,#102,#103,#104,#105,#106
,#107),.UNSPECIFIED.,.T.,.F.) B_SPLINE_CURVE_WITH_KNOTS((1,2,2,2,2,1),(
    -2.094395102393,0.,2.094395102393,4.188790204786,6.28318530718,
8.377580409573),.UNSPECIFIED.) CURVE() GEOMETRIC_REPRESENTATION_ITEM() 
RATIONAL_B_SPLINE_CURVE((1.,0.5,1.,0.5,1.,0.5,1.)) REPRESENTATION_ITEM(
  '') );
#101 = CARTESIAN_POINT('',(-2.717068445494,17.79375));
#102 = CARTESIAN_POINT('',(-6.538405539693,22.499850595238));
#103 = CARTESIAN_POINT('',(-0.552134324352,23.456175297619));
#104 = CARTESIAN_POINT('',(5.434136890988,24.4125));
#105 = CARTESIAN_POINT('',(3.269202769847,18.750074702381));
#106 = CARTESIAN_POINT('',(1.104268648705,13.087649404762));
#107 = CARTESIAN_POINT('',(-2.717068445494,17.79375));
#108 = ( GEOMETRIC_REPRESENTATION_CONTEXT(2) 
PARAMETRIC_REPRESENTATION_CONTEXT() REPRESENTATION_CONTEXT('2D SPACE',''
  ) );
#109 = PCURVE('',#110,#115);
#110 = CYLINDRICAL_SURFACE('',#111,3.5);
#111 = AXIS2_PLACEMENT_3D('',#112,#113,#114);
#112 = CARTESIAN_POINT('',(55.,20.,2.5));
#113 = DIRECTION('',(0.,0.,1.));
#114 = DIRECTION('',(1.,0.,-0.));
#115 = DEFINITIONAL_REPRESENTATION('',(#116),#120);
#116 = LINE('',#117,#118);
#117 = CARTESIAN_POINT('',(10.106791141111,7.2));
#118 = VECTOR('',#119,1.);
#119 = DIRECTION('',(-1.,-0.));
#120 = ( GEOMETRIC_REPRESENTATION_CONTEXT(2) 
PARAMETRIC_REPRESENTATION_CONTEXT() REPRESENTATION_CONTEXT('2D SPACE',''
  ) );
#121 = ORIENTED_EDGE('',*,*,#122,.F.);
#122 = EDGE_CURVE('',#123,#90,#125,.T.);
#123 = VERTEX_POINT('',#124);
#124 = CARTESIAN_POINT('',(51.5,17.656443583009,9.7));
#125 = SURFACE_CURVE('',#126,(#130,#137),.PCURVE_S1.);
#126 = LINE('',#127,#128);
#127 = CARTESIAN_POINT('',(51.5,14.,9.7));
#128 = VECTOR('',#129,1.);
#129 = DIRECTION('',(2.22044604925E-16,1.,0.));
#130 = PCURVE('',#33,#131);
#131 = DEFINITIONAL_REPRESENTATION('',(#132),#136);
#132 = LINE('',#133,#134);
#133 = CARTESIAN_POINT('',(-3.5,14.));
#134 = VECTOR('',#135,1.);
#135 = DIRECTION('',(2.22044604925E-16,1.));
#136 = ( GEOMETRIC_REPRESENTATION_CONTEXT(2) 
PARAMETRIC_REPRESENTATION_CONTEXT() REPRESENTATION_CONTEXT('2D SPACE',''
  ) );
#137 = PCURVE('',#138,#143);
#138 = PLANE('',#139);
#139 = AXIS2_PLACEMENT_3D('',#140,#141,#142);
#140 = CARTESIAN_POINT('',(51.5,14.,2.5));
#141 = DIRECTION('',(-1.,2.22044604925E-16,0.));
#142 = DIRECTION('',(0.,0.,1.));
#143 = DEFINITIONAL_REPRESENTATION('',(#144),#148);
#144 = LINE('',#145,#146);
#145 = CARTESIAN_POINT('',(7.2,0.));
#146 = VECTOR('',#147,1.);
#147 = DIRECTION('',(0.,1.));
#148 = ( GEOMETRIC_REPRESENTATION_CONTEXT(2) 
PARAMETRIC_REPRESENTATION_CONTEXT() REPRESENTATION_CONTEXT('2D SPACE',''
  ) );
#149 = ORIENTED_EDGE('',*,*,#150,.F.);
#150 = EDGE_CURVE('',#151,#123,#153,.T.);
#151 = VERTEX_POINT('',#152);
#152 = CARTESIAN_POINT('',(37.959071316627,-5.797132878259,9.7));
#153 = SURFACE_CURVE('',#154,(#159,#170),.PCURVE_S1.);
#154 = CIRCLE('',#155,18.);
#155 = AXIS2_PLACEMENT_3D('',#156,#157,#158);
#156 = CARTESIAN_POINT('',(55.,0.,9.7));
#157 = DIRECTION('',(0.,0.,-1.));
#158 = DIRECTION('',(0.150948246972,0.988541666667,0.));
#159 = PCURVE('',#33,#160);
#160 = DEFINITIONAL_REPRESENTATION('',(#161),#169);
#161 = ( BOUNDED_CURVE() B_SPLINE_CURVE(2,(#162,#163,#164,#165,#166,#167
,#168),.UNSPECIFIED.,.T.,.F.) B_SPLINE_CURVE_WITH_KNOTS((1,2,2,2,2,1),(
    -2.094395102393,0.,2.094395102393,4.188790204786,6.28318530718,
8.377580409573),.UNSPECIFIED.) CURVE() GEOMETRIC_REPRESENTATION_ITEM() 
RATIONAL_B_SPLINE_CURVE((1.,0.5,1.,0.5,1.,0.5,1.)) REPRESENTATION_ITEM(
  '') );
#162 = CARTESIAN_POINT('',(2.717068445494,17.79375));
#163 = CARTESIAN_POINT('',(33.536747502673,13.087649404762));
#164 = CARTESIAN_POINT('',(14.051305305842,-11.24992529761));
#165 = CARTESIAN_POINT('',(-5.434136890988,-35.5875));
#166 = CARTESIAN_POINT('',(-16.76837375133,-6.543824702381));
#167 = CARTESIAN_POINT('',(-28.10261061168,22.499850595238));
#168 = CARTESIAN_POINT('',(2.717068445494,17.79375));
#169 = ( GEOMETRIC_REPRESENTATION_CONTEXT(2) 
PARAMETRIC_REPRESENTATION_CONTEXT() REPRESENTATION_CONTEXT('2D SPACE',''
  ) );
#170 = PCURVE('',#171,#176);
#171 = CYLINDRICAL_SURFACE('',#172,18.);
#172 = AXIS2_PLACEMENT_3D('',#173,#174,#175);
#173 = CARTESIAN_POINT('',(55.,0.,2.5));
#174 = DIRECTION('',(0.,0.,1.));
#175 = DIRECTION('',(1.,0.,-0.));
#176 = DEFINITIONAL_REPRESENTATION('',(#177),#181);
#177 = LINE('',#178,#179);
#178 = CARTESIAN_POINT('',(7.702454193049,7.2));
#179 = VECTOR('',#180,1.);
#180 = DIRECTION('',(-1.,-0.));
#181 = ( GEOMETRIC_REPRESENTATION_CONTEXT(2) 
PARAMETRIC_REPRESENTATION_CONTEXT() REPRESENTATION_CONTEXT('2D SPACE',''
  ) );
#182 = ORIENTED_EDGE('',*,*,#183,.T.);
#183 = EDGE_CURVE('',#151,#184,#186,.T.);
#184 = VERTEX_POINT('',#185);
#185 = CARTESIAN_POINT('',(35.929491924311,-6.968911086754,9.7));
#186 = SURFACE_CURVE('',#187,(#191,#198),.PCURVE_S1.);
#187 = LINE('',#188,#189);
#188 = CARTESIAN_POINT('',(41.125644347018,-3.968911086754,9.7));
#189 = VECTOR('',#190,1.);
#190 = DIRECTION('',(-0.866025403784,-0.5,0.));
#191 = PCURVE('',#33,#192);
#192 = DEFINITIONAL_REPRESENTATION('',(#193),#197);
#193 = LINE('',#194,#195);
#194 = CARTESIAN_POINT('',(-13.87435565298,-3.968911086754));
#195 = VECTOR('',#196,1.);
#196 = DIRECTION('',(-0.866025403784,-0.5));
#197 = ( GEOMETRIC_REPRESENTATION_CONTEXT(2) 
PARAMETRIC_REPRESENTATION_CONTEXT() REPRESENTATION_CONTEXT('2D SPACE',''
  ) );
#198 = PCURVE('',#199,#204);
#199 = PLANE('',#200);
#200 = AXIS2_PLACEMENT_3D('',#201,#202,#203);
#201 = CARTESIAN_POINT('',(41.125644347018,-3.968911086754,2.5));
#202 = DIRECTION('',(0.5,-0.866025403784,0.));
#203 = DIRECTION('',(0.,-0.,1.));
#204 = DEFINITIONAL_REPRESENTATION('',(#205),#209);
#205 = LINE('',#206,#207);
#206 = CARTESIAN_POINT('',(7.2,0.));
#207 = VECTOR('',#208,1.);
#208 = DIRECTION('',(0.,1.));
#209 = ( GEOMETRIC_REPRESENTATION_CONTEXT(2) 
PARAMETRIC_REPRESENTATION_CONTEXT() REPRESENTATION_CONTEXT('2D SPACE',''
  ) );
#210 = ORIENTED_EDGE('',*,*,#211,.T.);
#211 = EDGE_CURVE('',#184,#212,#214,.T.);
#212 = VERTEX_POINT('',#213);
#213 = CARTESIAN_POINT('',(39.429491924311,-13.03108891324,9.7));
#214 = SURFACE_CURVE('',#215,(#220,#227),.PCURVE_S1.);
#215 = CIRCLE('',#216,3.5);
#216 = AXIS2_PLACEMENT_3D('',#217,#218,#219);
#217 = CARTESIAN_POINT('',(37.679491924311,-10.,9.7));
#218 = DIRECTION('',(0.,0.,1.));
#219 = DIRECTION('',(1.,0.,-0.));
#220 = PCURVE('',#33,#221);
#221 = DEFINITIONAL_REPRESENTATION('',(#222),#226);
#222 = CIRCLE('',#223,3.5);
#223 = AXIS2_PLACEMENT_2D('',#224,#225);
#224 = CARTESIAN_POINT('',(-17.32050807568,-10.));
#225 = DIRECTION('',(1.,0.));
#226 = ( GEOMETRIC_REPRESENTATION_CONTEXT(2) 
PARAMETRIC_REPRESENTATION_CONTEXT() REPRESENTATION_CONTEXT('2D SPACE',''
  ) );
#227 = PCURVE('',#228,#233);
#228 = CYLINDRICAL_SURFACE('',#229,3.5);
#229 = AXIS2_PLACEMENT_3D('',#230,#231,#232);
#230 = CARTESIAN_POINT('',(37.679491924311,-10.,2.5));
#231 = DIRECTION('',(0.,0.,1.));
#232 = DIRECTION('',(1.,0.,-0.));
#233 = DEFINITIONAL_REPRESENTATION('',(#234),#238);
#234 = LINE('',#235,#236);
#235 = CARTESIAN_POINT('',(0.,7.2));
#236 = VECTOR('',#237,1.);
#237 = DIRECTION('',(1.,0.));
#238 = ( GEOMETRIC_REPRESENTATION_CONTEXT(2) 
PARAMETRIC_REPRESENTATION_CONTEXT() REPRESENTATION_CONTEXT('2D SPACE',''
  ) );
#239 = ORIENTED_EDGE('',*,*,#240,.F.);
#240 = EDGE_CURVE('',#241,#212,#243,.T.);
#241 = VERTEX_POINT('',#242);
#242 = CARTESIAN_POINT('',(41.459071316627,-11.85931070475,9.7));
#243 = SURFACE_CURVE('',#244,(#248,#255),.PCURVE_S1.);
#244 = LINE('',#245,#246);
#245 = CARTESIAN_POINT('',(44.625644347018,-10.03108891324,9.7));
#246 = VECTOR('',#247,1.);
#247 = DIRECTION('',(-0.866025403784,-0.5,0.));
#248 = PCURVE('',#33,#249);
#249 = DEFINITIONAL_REPRESENTATION('',(#250),#254);
#250 = LINE('',#251,#252);
#251 = CARTESIAN_POINT('',(-10.37435565298,-10.03108891324));
#252 = VECTOR('',#253,1.);
#253 = DIRECTION('',(-0.866025403784,-0.5));
#254 = ( GEOMETRIC_REPRESENTATION_CONTEXT(2) 
PARAMETRIC_REPRESENTATION_CONTEXT() REPRESENTATION_CONTEXT('2D SPACE',''
  ) );
#255 = PCURVE('',#256,#261);
#256 = PLANE('',#257);
#257 = AXIS2_PLACEMENT_3D('',#258,#259,#260);
#258 = CARTESIAN_POINT('',(44.625644347018,-10.03108891324,2.5));
#259 = DIRECTION('',(0.5,-0.866025403784,0.));
#260 = DIRECTION('',(0.,-0.,1.));
#261 = DEFINITIONAL_REPRESENTATION('',(#262),#266);
#262 = LINE('',#263,#264);
#263 = CARTESIAN_POINT('',(7.2,0.));
#264 = VECTOR('',#265,1.);
#265 = DIRECTION('',(0.,1.));
#266 = ( GEOMETRIC_REPRESENTATION_CONTEXT(2) 
PARAMETRIC_REPRESENTATION_CONTEXT() REPRESENTATION_CONTEXT('2D SPACE',''
  ) );
#267 = ORIENTED_EDGE('',*,*,#268,.F.);
#268 = EDGE_CURVE('',#269,#241,#271,.T.);
#269 = VERTEX_POINT('',#270);
#270 = CARTESIAN_POINT('',(66.656449200153,-13.71594663318,9.7));
#271 = SURFACE_CURVE('',#272,(#277,#288),.PCURVE_S1.);
#272 = CIRCLE('',#273,18.);
#273 = AXIS2_PLACEMENT_3D('',#274,#275,#276);
#274 = CARTESIAN_POINT('',(55.,0.,9.7));
#275 = DIRECTION('',(0.,0.,-1.));
#276 = DIRECTION('',(0.150948246972,0.988541666667,0.));
#277 = PCURVE('',#33,#278);
#278 = DEFINITIONAL_REPRESENTATION('',(#279),#287);
#279 = ( BOUNDED_CURVE() B_SPLINE_CURVE(2,(#280,#281,#282,#283,#284,#285
,#286),.UNSPECIFIED.,.T.,.F.) B_SPLINE_CURVE_WITH_KNOTS((1,2,2,2,2,1),(
    -2.094395102393,0.,2.094395102393,4.188790204786,6.28318530718,
8.377580409573),.UNSPECIFIED.) CURVE() GEOMETRIC_REPRESENTATION_ITEM() 
RATIONAL_B_SPLINE_CURVE((1.,0.5,1.,0.5,1.,0.5,1.)) REPRESENTATION_ITEM(
  '') );
#280 = CARTESIAN_POINT('',(2.717068445494,17.79375));
#281 = CARTESIAN_POINT('',(33.536747502673,13.087649404762));
#282 = CARTESIAN_POINT('',(14.051305305842,-11.24992529761));
#283 = CARTESIAN_POINT('',(-5.434136890988,-35.5875));
#284 = CARTESIAN_POINT('',(-16.76837375133,-6.543824702381));
#285 = CARTESIAN_POINT('',(-28.10261061168,22.499850595238));
#286 = CARTESIAN_POINT('',(2.717068445494,17.79375));
#287 = ( GEOMETRIC_REPRESENTATION_CONTEXT(2) 
PARAMETRIC_REPRESENTATION_CONTEXT() REPRESENTATION_CONTEXT('2D SPACE',''
  ) );
#288 = PCURVE('',#289,#294);
#289 = CYLINDRICAL_SURFACE('',#290,18.);
#290 = AXIS2_PLACEMENT_3D('',#291,#292,#293);
#291 = CARTESIAN_POINT('',(55.,0.,2.5));
#292 = DIRECTION('',(0.,0.,1.));
#293 = DIRECTION('',(1.,0.,-0.));
#294 = DEFINITIONAL_REPRESENTATION('',(#295),#299);
#295 = LINE('',#296,#297);
#296 = CARTESIAN_POINT('',(7.702454193049,7.2));
#297 = VECTOR('',#298,1.);
#298 = DIRECTION('',(-1.,-0.));
#299 = ( GEOMETRIC_REPRESENTATION_CONTEXT(2) 
PARAMETRIC_REPRESENTATION_CONTEXT() REPRESENTATION_CONTEXT('2D SPACE',''
  ) );
#300 = ORIENTED_EDGE('',*,*,#301,.F.);
#301 = EDGE_CURVE('',#302,#269,#304,.T.);
#302 = VERTEX_POINT('',#303);
#303 = CARTESIAN_POINT('',(68.749885158791,-11.97995178208,9.7));
#304 = SURFACE_CURVE('',#305,(#310,#317),.PCURVE_S1.);
#305 = CIRCLE('',#306,1.75);
#306 = AXIS2_PLACEMENT_3D('',#307,#308,#309);
#307 = CARTESIAN_POINT('',(67.,-12.,9.7));
#308 = DIRECTION('',(0.,0.,1.));
#309 = DIRECTION('',(1.,0.,-0.));
#310 = PCURVE('',#33,#311);
#311 = DEFINITIONAL_REPRESENTATION('',(#312),#316);
#312 = CIRCLE('',#313,1.75);
#313 = AXIS2_PLACEMENT_2D('',#314,#315);
#314 = CARTESIAN_POINT('',(12.,-12.));
#315 = DIRECTION('',(1.,0.));
#316 = ( GEOMETRIC_REPRESENTATION_CONTEXT(2) 
PARAMETRIC_REPRESENTATION_CONTEXT() REPRESENTATION_CONTEXT('2D SPACE',''
  ) );
#317 = PCURVE('',#318,#323);
#318 = CYLINDRICAL_SURFACE('',#319,1.75);
#319 = AXIS2_PLACEMENT_3D('',#320,#321,#322);
#320 = CARTESIAN_POINT('',(67.,-12.,4.7));
#321 = DIRECTION('',(0.,0.,1.));
#322 = DIRECTION('',(1.,0.,-0.));
#323 = DEFINITIONAL_REPRESENTATION('',(#324),#328);
#324 = LINE('',#325,#326);
#325 = CARTESIAN_POINT('',(0.,5.));
#326 = VECTOR('',#327,1.);
#327 = DIRECTION('',(1.,0.));
#328 = ( GEOMETRIC_REPRESENTATION_CONTEXT(2) 
PARAMETRIC_REPRESENTATION_CONTEXT() REPRESENTATION_CONTEXT('2D SPACE',''
  ) );
#329 = ORIENTED_EDGE('',*,*,#330,.T.);
#330 = EDGE_CURVE('',#302,#331,#333,.T.);
#331 = VERTEX_POINT('',#332);
#332 = CARTESIAN_POINT('',(70.570508075689,-13.03108891324,9.7));
#333 = SURFACE_CURVE('',#334,(#338,#345),.PCURVE_S1.);
#334 = LINE('',#335,#336);
#335 = CARTESIAN_POINT('',(65.374355652982,-10.03108891324,9.7));
#336 = VECTOR('',#337,1.);
#337 = DIRECTION('',(0.866025403784,-0.5,0.));
#338 = PCURVE('',#33,#339);
#339 = DEFINITIONAL_REPRESENTATION('',(#340),#344);
#340 = LINE('',#341,#342);
#341 = CARTESIAN_POINT('',(10.374355652982,-10.03108891324));
#342 = VECTOR('',#343,1.);
#343 = DIRECTION('',(0.866025403784,-0.5));
#344 = ( GEOMETRIC_REPRESENTATION_CONTEXT(2) 
PARAMETRIC_REPRESENTATION_CONTEXT() REPRESENTATION_CONTEXT('2D SPACE',''
  ) );
#345 = PCURVE('',#346,#351);
#346 = PLANE('',#347);
#347 = AXIS2_PLACEMENT_3D('',#348,#349,#350);
#348 = CARTESIAN_POINT('',(65.374355652982,-10.03108891324,2.5));
#349 = DIRECTION('',(0.5,0.866025403784,0.));
#350 = DIRECTION('',(0.,0.,1.));
#351 = DEFINITIONAL_REPRESENTATION('',(#352),#356);
#352 = LINE('',#353,#354);
#353 = CARTESIAN_POINT('',(7.2,0.));
#354 = VECTOR('',#355,1.);
#355 = DIRECTION('',(0.,1.));
#356 = ( GEOMETRIC_REPRESENTATION_CONTEXT(2) 
PARAMETRIC_REPRESENTATION_CONTEXT() REPRESENTATION_CONTEXT('2D SPACE',''
  ) );
#357 = ORIENTED_EDGE('',*,*,#358,.T.);
#358 = EDGE_CURVE('',#331,#359,#361,.T.);
#359 = VERTEX_POINT('',#360);
#360 = CARTESIAN_POINT('',(74.070508075689,-6.968911086754,9.7));
#361 = SURFACE_CURVE('',#362,(#367,#374),.PCURVE_S1.);
#362 = CIRCLE('',#363,3.5);
#363 = AXIS2_PLACEMENT_3D('',#364,#365,#366);
#364 = CARTESIAN_POINT('',(72.320508075689,-10.,9.7));
#365 = DIRECTION('',(0.,0.,1.));
#366 = DIRECTION('',(-0.934057934242,-0.357121513605,0.));
#367 = PCURVE('',#33,#368);
#368 = DEFINITIONAL_REPRESENTATION('',(#369),#373);
#369 = CIRCLE('',#370,3.5);
#370 = AXIS2_PLACEMENT_2D('',#371,#372);
#371 = CARTESIAN_POINT('',(17.320508075689,-10.));
#372 = DIRECTION('',(-0.934057934242,-0.357121513605));
#373 = ( GEOMETRIC_REPRESENTATION_CONTEXT(2) 
PARAMETRIC_REPRESENTATION_CONTEXT() REPRESENTATION_CONTEXT('2D SPACE',''
  ) );
#374 = PCURVE('',#375,#380);
#375 = CYLINDRICAL_SURFACE('',#376,3.5);
#376 = AXIS2_PLACEMENT_3D('',#377,#378,#379);
#377 = CARTESIAN_POINT('',(72.320508075689,-10.,2.5));
#378 = DIRECTION('',(0.,0.,1.));
#379 = DIRECTION('',(1.,0.,-0.));
#380 = DEFINITIONAL_REPRESENTATION('',(#381),#385);
#381 = LINE('',#382,#383);
#382 = CARTESIAN_POINT('',(3.506777024445,7.2));
#383 = VECTOR('',#384,1.);
#384 = DIRECTION('',(1.,0.));
#385 = ( GEOMETRIC_REPRESENTATION_CONTEXT(2) 
PARAMETRIC_REPRESENTATION_CONTEXT() REPRESENTATION_CONTEXT('2D SPACE',''
  ) );
#386 = ORIENTED_EDGE('',*,*,#387,.F.);
#387 = EDGE_CURVE('',#388,#359,#390,.T.);
#388 = VERTEX_POINT('',#389);
#389 = CARTESIAN_POINT('',(72.040928683373,-5.797132878259,9.7));
#390 = SURFACE_CURVE('',#391,(#395,#402),.PCURVE_S1.);
#391 = LINE('',#392,#393);
#392 = CARTESIAN_POINT('',(68.874355652982,-3.968911086754,9.7));
#393 = VECTOR('',#394,1.);
#394 = DIRECTION('',(0.866025403784,-0.5,0.));
#395 = PCURVE('',#33,#396);
#396 = DEFINITIONAL_REPRESENTATION('',(#397),#401);
#397 = LINE('',#398,#399);
#398 = CARTESIAN_POINT('',(13.874355652982,-3.968911086754));
#399 = VECTOR('',#400,1.);
#400 = DIRECTION('',(0.866025403784,-0.5));
#401 = ( GEOMETRIC_REPRESENTATION_CONTEXT(2) 
PARAMETRIC_REPRESENTATION_CONTEXT() REPRESENTATION_CONTEXT('2D SPACE',''
  ) );
#402 = PCURVE('',#403,#408);
#403 = PLANE('',#404);
#404 = AXIS2_PLACEMENT_3D('',#405,#406,#407);
#405 = CARTESIAN_POINT('',(68.874355652982,-3.968911086754,2.5));
#406 = DIRECTION('',(0.5,0.866025403784,0.));
#407 = DIRECTION('',(0.,0.,1.));
#408 = DEFINITIONAL_REPRESENTATION('',(#409),#413);
#409 = LINE('',#410,#411);
#410 = CARTESIAN_POINT('',(7.2,0.));
#411 = VECTOR('',#412,1.);
#412 = DIRECTION('',(0.,1.));
#413 = ( GEOMETRIC_REPRESENTATION_CONTEXT(2) 
PARAMETRIC_REPRESENTATION_CONTEXT() REPRESENTATION_CONTEXT('2D SPACE',''
  ) );
#414 = ORIENTED_EDGE('',*,*,#415,.F.);
#415 = EDGE_CURVE('',#416,#388,#418,.T.);
#416 = VERTEX_POINT('',#417);
#417 = CARTESIAN_POINT('',(68.715946633181,11.656449200153,9.7));
#418 = SURFACE_CURVE('',#419,(#424,#435),.PCURVE_S1.);
#419 = CIRCLE('',#420,18.);
#420 = AXIS2_PLACEMENT_3D('',#421,#422,#423);
#421 = CARTESIAN_POINT('',(55.,0.,9.7));
#422 = DIRECTION('',(0.,0.,-1.));
#423 = DIRECTION('',(0.150948246972,0.988541666667,0.));
#424 = PCURVE('',#33,#425);
#425 = DEFINITIONAL_REPRESENTATION('',(#426),#434);
#426 = ( BOUNDED_CURVE() B_SPLINE_CURVE(2,(#427,#428,#429,#430,#431,#432
,#433),.UNSPECIFIED.,.T.,.F.) B_SPLINE_CURVE_WITH_KNOTS((1,2,2,2,2,1),(
    -2.094395102393,0.,2.094395102393,4.188790204786,6.28318530718,
8.377580409573),.UNSPECIFIED.) CURVE() GEOMETRIC_REPRESENTATION_ITEM() 
RATIONAL_B_SPLINE_CURVE((1.,0.5,1.,0.5,1.,0.5,1.)) REPRESENTATION_ITEM(
  '') );
#427 = CARTESIAN_POINT('',(2.717068445494,17.79375));
#428 = CARTESIAN_POINT('',(33.536747502673,13.087649404762));
#429 = CARTESIAN_POINT('',(14.051305305842,-11.24992529761));
#430 = CARTESIAN_POINT('',(-5.434136890988,-35.5875));
#431 = CARTESIAN_POINT('',(-16.76837375133,-6.543824702381));
#432 = CARTESIAN_POINT('',(-28.10261061168,22.499850595238));
#433 = CARTESIAN_POINT('',(2.717068445494,17.79375));
#434 = ( GEOMETRIC_REPRESENTATION_CONTEXT(2) 
PARAMETRIC_REPRESENTATION_CONTEXT() REPRESENTATION_CONTEXT('2D SPACE',''
  ) );
#435 = PCURVE('',#49,#436);
#436 = DEFINITIONAL_REPRESENTATION('',(#437),#441);
#437 = LINE('',#438,#439);
#438 = CARTESIAN_POINT('',(7.702454193049,7.2));
#439 = VECTOR('',#440,1.);
#440 = DIRECTION('',(-1.,-0.));
#441 = ( GEOMETRIC_REPRESENTATION_CONTEXT(2) 
PARAMETRIC_REPRESENTATION_CONTEXT() REPRESENTATION_CONTEXT('2D SPACE',''
  ) );
#442 = ORIENTED_EDGE('',*,*,#443,.F.);
#443 = EDGE_CURVE('',#24,#416,#444,.T.);
#444 = SURFACE_CURVE('',#445,(#450,#457),.PCURVE_S1.);
#445 = CIRCLE('',#446,1.75);
#446 = AXIS2_PLACEMENT_3D('',#447,#448,#449);
#447 = CARTESIAN_POINT('',(67.,12.,9.7));
#448 = DIRECTION('',(0.,0.,1.));
#449 = DIRECTION('',(1.,0.,-0.));
#450 = PCURVE('',#33,#451);
#451 = DEFINITIONAL_REPRESENTATION('',(#452),#456);
#452 = CIRCLE('',#453,1.75);
#453 = AXIS2_PLACEMENT_2D('',#454,#455);
#454 = CARTESIAN_POINT('',(12.,12.));
#455 = DIRECTION('',(1.,0.));
#456 = ( GEOMETRIC_REPRESENTATION_CONTEXT(2) 
PARAMETRIC_REPRESENTATION_CONTEXT() REPRESENTATION_CONTEXT('2D SPACE',''
  ) );
#457 = PCURVE('',#458,#463);
#458 = CYLINDRICAL_SURFACE('',#459,1.75);
#459 = AXIS2_PLACEMENT_3D('',#460,#461,#462);
#460 = CARTESIAN_POINT('',(67.,12.,4.7));
#461 = DIRECTION('',(0.,0.,1.));
#462 = DIRECTION('',(1.,0.,-0.));
#463 = DEFINITIONAL_REPRESENTATION('',(#464),#468);
#464 = LINE('',#465,#466);
#465 = CARTESIAN_POINT('',(0.,5.));
#466 = VECTOR('',#467,1.);
#467 = DIRECTION('',(1.,0.));
#468 = ( GEOMETRIC_REPRESENTATION_CONTEXT(2) 
PARAMETRIC_REPRESENTATION_CONTEXT() REPRESENTATION_CONTEXT('2D SPACE',''
  ) );
#469 = FACE_BOUND('',#470,.T.);
#470 = EDGE_LOOP('',(#471));
#471 = ORIENTED_EDGE('',*,*,#472,.F.);
#472 = EDGE_CURVE('',#473,#473,#475,.T.);
#473 = VERTEX_POINT('',#474);
#474 = CARTESIAN_POINT('',(49.324727841854,-13.70131901435,9.7));
#475 = SURFACE_CURVE('',#476,(#481,#488),.PCURVE_S1.);
#476 = ELLIPSE('',#477,3.042966792301,2.8);
#477 = AXIS2_PLACEMENT_3D('',#478,#479,#480);
#478 = CARTESIAN_POINT('',(50.489220818505,-10.88998427683,9.7));
#479 = DIRECTION('',(0.,0.,1.));
#480 = DIRECTION('',(-0.382683432365,-0.923879532511,0.));
#481 = PCURVE('',#33,#482);
#482 = DEFINITIONAL_REPRESENTATION('',(#483),#487);
#483 = ELLIPSE('',#484,3.042966792301,2.8);
#484 = AXIS2_PLACEMENT_2D('',#485,#486);
#485 = CARTESIAN_POINT('',(-4.510779181495,-10.88998427683));
#486 = DIRECTION('',(-0.382683432365,-0.923879532511));
#487 = ( GEOMETRIC_REPRESENTATION_CONTEXT(2) 
PARAMETRIC_REPRESENTATION_CONTEXT() REPRESENTATION_CONTEXT('2D SPACE',''
  ) );
#488 = PCURVE('',#489,#494);
#489 = CYLINDRICAL_SURFACE('',#490,2.8);
#490 = AXIS2_PLACEMENT_3D('',#491,#492,#493);
#491 = CARTESIAN_POINT('',(51.547769861742,-8.334420820216,
    3.199613410929));
#492 = DIRECTION('',(-0.149841674157,-0.361749801959,0.920154635629));
#493 = DIRECTION('',(-0.352127934269,-0.850112034603,-0.391555164097));
#494 = DEFINITIONAL_REPRESENTATION('',(#495),#526);
#495 = B_SPLINE_CURVE_WITH_KNOTS('',8,(#496,#497,#498,#499,#500,#501,
    #502,#503,#504,#505,#506,#507,#508,#509,#510,#511,#512,#513,#514,
    #515,#516,#517,#518,#519,#520,#521,#522,#523,#524,#525),
  .UNSPECIFIED.,.F.,.F.,(9,7,7,7,9),(0.,1.570796326795,3.926990816987,
    5.105088062083,6.28318530718),.UNSPECIFIED.);
#496 = CARTESIAN_POINT('',(-1.7763568394E-15,8.255939550154));
#497 = CARTESIAN_POINT('',(0.196349540849,8.255939550154));
#498 = CARTESIAN_POINT('',(0.392699081698,8.203440736333));
#499 = CARTESIAN_POINT('',(0.589048622548,8.098449455198));
#500 = CARTESIAN_POINT('',(0.785398163398,7.945264257628));
#501 = CARTESIAN_POINT('',(0.981747704247,7.752554395429));
#502 = CARTESIAN_POINT('',(1.178097245096,7.532346152387));
#503 = CARTESIAN_POINT('',(1.374446785946,7.298398577549));
#504 = CARTESIAN_POINT('',(1.865320638069,6.713527604806));
#505 = CARTESIAN_POINT('',(2.159844949338,6.362603749517));
#506 = CARTESIAN_POINT('',(2.454369260614,6.058076371672));
#507 = CARTESIAN_POINT('',(2.748893571876,5.846275849679));
#508 = CARTESIAN_POINT('',(3.043417883175,5.760886636759));
#509 = CARTESIAN_POINT('',(3.337942194433,5.809185015528));
#510 = CARTESIAN_POINT('',(3.632466505713,5.973800242514));
#511 = CARTESIAN_POINT('',(4.074252972624,6.346009850365));
#512 = CARTESIAN_POINT('',(4.221515128262,6.490960659447));
#513 = CARTESIAN_POINT('',(4.368777283899,6.652692237344));
#514 = CARTESIAN_POINT('',(4.516039439535,6.826139294029));
#515 = CARTESIAN_POINT('',(4.663301595171,7.005552930785));
#516 = CARTESIAN_POINT('',(4.810563750809,7.184902586055));
#517 = CARTESIAN_POINT('',(4.957825906446,7.358308330752));
#518 = CARTESIAN_POINT('',(5.25235021772,7.682518523278));
#519 = CARTESIAN_POINT('',(5.399612373357,7.833322852454));
#520 = CARTESIAN_POINT('',(5.546874528998,7.967470233452));
#521 = CARTESIAN_POINT('',(5.694136684633,8.080124697293));
#522 = CARTESIAN_POINT('',(5.841398840266,8.167349760191));
#523 = CARTESIAN_POINT('',(5.988660995906,8.226409377682));
#524 = CARTESIAN_POINT('',(6.135923151543,8.255939550154));
#525 = CARTESIAN_POINT('',(6.28318530718,8.255939550154));
#526 = ( GEOMETRIC_REPRESENTATION_CONTEXT(2) 
PARAMETRIC_REPRESENTATION_CONTEXT() REPRESENTATION_CONTEXT('2D SPACE',''
  ) );
#527 = FACE_BOUND('',#528,.T.);
#528 = EDGE_LOOP('',(#529));
#529 = ORIENTED_EDGE('',*,*,#530,.F.);
#530 = EDGE_CURVE('',#531,#531,#533,.T.);
#531 = VERTEX_POINT('',#532);
#532 = CARTESIAN_POINT('',(41.298680985646,-5.675272158146,9.7));
#533 = SURFACE_CURVE('',#534,(#539,#546),.PCURVE_S1.);
#534 = ELLIPSE('',#535,3.042966792301,2.8);
#535 = AXIS2_PLACEMENT_3D('',#536,#537,#538);
#536 = CARTESIAN_POINT('',(44.110015723165,-4.510779181495,9.7));
#537 = DIRECTION('',(0.,0.,1.));
#538 = DIRECTION('',(-0.923879532511,-0.382683432365,0.));
#539 = PCURVE('',#33,#540);
#540 = DEFINITIONAL_REPRESENTATION('',(#541),#545);
#541 = ELLIPSE('',#542,3.042966792301,2.8);
#542 = AXIS2_PLACEMENT_2D('',#543,#544);
#543 = CARTESIAN_POINT('',(-10.88998427683,-4.510779181495));
#544 = DIRECTION('',(-0.923879532511,-0.382683432365));
#545 = ( GEOMETRIC_REPRESENTATION_CONTEXT(2) 
PARAMETRIC_REPRESENTATION_CONTEXT() REPRESENTATION_CONTEXT('2D SPACE',''
  ) );
#546 = PCURVE('',#547,#552);
#547 = CYLINDRICAL_SURFACE('',#548,2.8);
#548 = AXIS2_PLACEMENT_3D('',#549,#550,#551);
#549 = CARTESIAN_POINT('',(46.665579179784,-3.452230138258,
    3.199613410929));
#550 = DIRECTION('',(-0.361749801959,-0.149841674157,0.920154635629));
#551 = DIRECTION('',(-0.850112034603,-0.352127934269,-0.391555164097));
#552 = DEFINITIONAL_REPRESENTATION('',(#553),#584);
#553 = B_SPLINE_CURVE_WITH_KNOTS('',8,(#554,#555,#556,#557,#558,#559,
    #560,#561,#562,#563,#564,#565,#566,#567,#568,#569,#570,#571,#572,
    #573,#574,#575,#576,#577,#578,#579,#580,#581,#582,#583),
  .UNSPECIFIED.,.F.,.F.,(9,7,7,7,9),(0.,1.570796326795,3.926990816987,
    5.105088062083,6.28318530718),.UNSPECIFIED.);
#554 = CARTESIAN_POINT('',(0.,8.255939550154));
#555 = CARTESIAN_POINT('',(0.196349540849,8.255939550154));
#556 = CARTESIAN_POINT('',(0.392699081699,8.203440736332));
#557 = CARTESIAN_POINT('',(0.589048622548,8.098449455199));
#558 = CARTESIAN_POINT('',(0.785398163397,7.945264257627));
#559 = CARTESIAN_POINT('',(0.981747704247,7.752554395426));
#560 = CARTESIAN_POINT('',(1.178097245096,7.532346152388));
#561 = CARTESIAN_POINT('',(1.374446785946,7.298398577549));
#562 = CARTESIAN_POINT('',(1.865320638069,6.713527604806));
#563 = CARTESIAN_POINT('',(2.159844949342,6.362603749519));
#564 = CARTESIAN_POINT('',(2.454369260613,6.058076371635));
#565 = CARTESIAN_POINT('',(2.748893571888,5.846275849737));
#566 = CARTESIAN_POINT('',(3.04341788316,5.760886636737));
#567 = CARTESIAN_POINT('',(3.337942194438,5.809185015532));
#568 = CARTESIAN_POINT('',(3.632466505713,5.973800242514));
#569 = CARTESIAN_POINT('',(4.074252972624,6.346009850365));
#570 = CARTESIAN_POINT('',(4.221515128262,6.490960659448));
#571 = CARTESIAN_POINT('',(4.3687772839,6.652692237343));
#572 = CARTESIAN_POINT('',(4.516039439537,6.82613929403));
#573 = CARTESIAN_POINT('',(4.663301595173,7.005552930788));
#574 = CARTESIAN_POINT('',(4.81056375081,7.184902586054));
#575 = CARTESIAN_POINT('',(4.957825906446,7.358308330752));
#576 = CARTESIAN_POINT('',(5.25235021772,7.682518523278));
#577 = CARTESIAN_POINT('',(5.399612373357,7.833322852455));
#578 = CARTESIAN_POINT('',(5.546874528994,7.96747023345));
#579 = CARTESIAN_POINT('',(5.694136684631,8.080124697293));
#580 = CARTESIAN_POINT('',(5.841398840269,8.167349760193));
#581 = CARTESIAN_POINT('',(5.988660995905,8.22640937768));
#582 = CARTESIAN_POINT('',(6.135923151543,8.255939550154));
#583 = CARTESIAN_POINT('',(6.28318530718,8.255939550154));
#584 = ( GEOMETRIC_REPRESENTATION_CONTEXT(2) 
PARAMETRIC_REPRESENTATION_CONTEXT() REPRESENTATION_CONTEXT('2D SPACE',''
  ) );
#585 = FACE_BOUND('',#586,.T.);
#586 = EDGE_LOOP('',(#587));
#587 = ORIENTED_EDGE('',*,*,#588,.F.);
#588 = EDGE_CURVE('',#589,#589,#591,.T.);
#589 = VERTEX_POINT('',#590);
#590 = CARTESIAN_POINT('',(60.675272158146,-13.70131901435,9.7));
#591 = SURFACE_CURVE('',#592,(#597,#604),.PCURVE_S1.);
#592 = ELLIPSE('',#593,3.042966792301,2.8);
#593 = AXIS2_PLACEMENT_3D('',#594,#595,#596);
#594 = CARTESIAN_POINT('',(59.510779181495,-10.88998427683,9.7));
#595 = DIRECTION('',(0.,0.,1.));
#596 = DIRECTION('',(0.382683432365,-0.923879532511,0.));
#597 = PCURVE('',#33,#598);
#598 = DEFINITIONAL_REPRESENTATION('',(#599),#603);
#599 = ELLIPSE('',#600,3.042966792301,2.8);
#600 = AXIS2_PLACEMENT_2D('',#601,#602);
#601 = CARTESIAN_POINT('',(4.510779181495,-10.88998427683));
#602 = DIRECTION('',(0.382683432365,-0.923879532511));
#603 = ( GEOMETRIC_REPRESENTATION_CONTEXT(2) 
PARAMETRIC_REPRESENTATION_CONTEXT() REPRESENTATION_CONTEXT('2D SPACE',''
  ) );
#604 = PCURVE('',#605,#610);
#605 = CYLINDRICAL_SURFACE('',#606,2.8);
#606 = AXIS2_PLACEMENT_3D('',#607,#608,#609);
#607 = CARTESIAN_POINT('',(58.452230138258,-8.334420820216,
    3.199613410929));
#608 = DIRECTION('',(0.149841674157,-0.361749801959,0.920154635629));
#609 = DIRECTION('',(0.352127934269,-0.850112034603,-0.391555164097));
#610 = DEFINITIONAL_REPRESENTATION('',(#611),#642);
#611 = B_SPLINE_CURVE_WITH_KNOTS('',8,(#612,#613,#614,#615,#616,#617,
    #618,#619,#620,#621,#622,#623,#624,#625,#626,#627,#628,#629,#630,
    #631,#632,#633,#634,#635,#636,#637,#638,#639,#640,#641),
  .UNSPECIFIED.,.F.,.F.,(9,7,7,7,9),(0.,1.570796326795,3.926990816987,
    5.105088062083,6.28318530718),.UNSPECIFIED.);
#612 = CARTESIAN_POINT('',(0.,8.255939550154));
#613 = CARTESIAN_POINT('',(0.196349540849,8.255939550154));
#614 = CARTESIAN_POINT('',(0.392699081699,8.203440736332));
#615 = CARTESIAN_POINT('',(0.589048622548,8.098449455202));
#616 = CARTESIAN_POINT('',(0.785398163397,7.945264257628));
#617 = CARTESIAN_POINT('',(0.981747704247,7.752554395425));
#618 = CARTESIAN_POINT('',(1.178097245096,7.532346152389));
#619 = CARTESIAN_POINT('',(1.374446785946,7.298398577549));
#620 = CARTESIAN_POINT('',(1.865320638069,6.713527604806));
#621 = CARTESIAN_POINT('',(2.159844949337,6.362603749511));
#622 = CARTESIAN_POINT('',(2.454369260624,6.058076371683));
#623 = CARTESIAN_POINT('',(2.748893571867,5.846275849668));
#624 = CARTESIAN_POINT('',(3.043417883175,5.760886636755));
#625 = CARTESIAN_POINT('',(3.337942194435,5.809185015525));
#626 = CARTESIAN_POINT('',(3.632466505713,5.973800242514));
#627 = CARTESIAN_POINT('',(4.074252972624,6.346009850365));
#628 = CARTESIAN_POINT('',(4.221515128261,6.490960659447));
#629 = CARTESIAN_POINT('',(4.368777283899,6.652692237343));
#630 = CARTESIAN_POINT('',(4.516039439535,6.82613929403));
#631 = CARTESIAN_POINT('',(4.663301595172,7.005552930788));
#632 = CARTESIAN_POINT('',(4.81056375081,7.184902586054));
#633 = CARTESIAN_POINT('',(4.957825906446,7.358308330752));
#634 = CARTESIAN_POINT('',(5.25235021772,7.682518523278));
#635 = CARTESIAN_POINT('',(5.399612373357,7.833322852455));
#636 = CARTESIAN_POINT('',(5.546874528994,7.967470233454));
#637 = CARTESIAN_POINT('',(5.694136684632,8.080124697295));
#638 = CARTESIAN_POINT('',(5.84139884027,8.167349760191));
#639 = CARTESIAN_POINT('',(5.988660995905,8.226409377681));
#640 = CARTESIAN_POINT('',(6.135923151543,8.255939550154));
#641 = CARTESIAN_POINT('',(6.28318530718,8.255939550154));
#642 = ( GEOMETRIC_REPRESENTATION_CONTEXT(2) 
PARAMETRIC_REPRESENTATION_CONTEXT() REPRESENTATION_CONTEXT('2D SPACE',''
  ) );
#643 = FACE_BOUND('',#644,.T.);
#644 = EDGE_LOOP('',(#645));
#645 = ORIENTED_EDGE('',*,*,#646,.F.);
#646 = EDGE_CURVE('',#647,#647,#649,.T.);
#647 = VERTEX_POINT('',#648);
#648 = CARTESIAN_POINT('',(68.701319014354,-5.675272158146,9.7));
#649 = SURFACE_CURVE('',#650,(#655,#662),.PCURVE_S1.);
#650 = ELLIPSE('',#651,3.042966792301,2.8);
#651 = AXIS2_PLACEMENT_3D('',#652,#653,#654);
#652 = CARTESIAN_POINT('',(65.889984276835,-4.510779181495,9.7));
#653 = DIRECTION('',(0.,0.,1.));
#654 = DIRECTION('',(0.923879532511,-0.382683432365,0.));
#655 = PCURVE('',#33,#656);
#656 = DEFINITIONAL_REPRESENTATION('',(#657),#661);
#657 = ELLIPSE('',#658,3.042966792301,2.8);
#658 = AXIS2_PLACEMENT_2D('',#659,#660);
#659 = CARTESIAN_POINT('',(10.889984276835,-4.510779181495));
#660 = DIRECTION('',(0.923879532511,-0.382683432365));
#661 = ( GEOMETRIC_REPRESENTATION_CONTEXT(2) 
PARAMETRIC_REPRESENTATION_CONTEXT() REPRESENTATION_CONTEXT('2D SPACE',''
  ) );
#662 = PCURVE('',#663,#668);
#663 = CYLINDRICAL_SURFACE('',#664,2.8);
#664 = AXIS2_PLACEMENT_3D('',#665,#666,#667);
#665 = CARTESIAN_POINT('',(63.334420820216,-3.452230138258,
    3.199613410929));
#666 = DIRECTION('',(0.361749801959,-0.149841674157,0.920154635629));
#667 = DIRECTION('',(0.850112034603,-0.352127934269,-0.391555164097));
#668 = DEFINITIONAL_REPRESENTATION('',(#669),#700);
#669 = B_SPLINE_CURVE_WITH_KNOTS('',8,(#670,#671,#672,#673,#674,#675,
    #676,#677,#678,#679,#680,#681,#682,#683,#684,#685,#686,#687,#688,
    #689,#690,#691,#692,#693,#694,#695,#696,#697,#698,#699),
  .UNSPECIFIED.,.F.,.F.,(9,7,7,7,9),(0.,1.570796326795,3.926990816987,
    5.105088062083,6.28318530718),.UNSPECIFIED.);
#670 = CARTESIAN_POINT('',(2.537652627715E-15,8.255939550154));
#671 = CARTESIAN_POINT('',(0.196349540849,8.255939550154));
#672 = CARTESIAN_POINT('',(0.392699081699,8.203440736333));
#673 = CARTESIAN_POINT('',(0.589048622548,8.098449455198));
#674 = CARTESIAN_POINT('',(0.785398163398,7.945264257627));
#675 = CARTESIAN_POINT('',(0.981747704247,7.752554395428));
#676 = CARTESIAN_POINT('',(1.178097245096,7.532346152388));
#677 = CARTESIAN_POINT('',(1.374446785946,7.298398577549));
#678 = CARTESIAN_POINT('',(1.865320638069,6.713527604807));
#679 = CARTESIAN_POINT('',(2.159844949341,6.362603749514));
#680 = CARTESIAN_POINT('',(2.454369260624,6.058076371668));
#681 = CARTESIAN_POINT('',(2.748893571888,5.846275849719));
#682 = CARTESIAN_POINT('',(3.043417883167,5.760886636752));
#683 = CARTESIAN_POINT('',(3.337942194436,5.809185015526));
#684 = CARTESIAN_POINT('',(3.632466505713,5.973800242514));
#685 = CARTESIAN_POINT('',(4.074252972624,6.346009850365));
#686 = CARTESIAN_POINT('',(4.22151512826,6.490960659447));
#687 = CARTESIAN_POINT('',(4.368777283899,6.652692237344));
#688 = CARTESIAN_POINT('',(4.516039439535,6.82613929403));
#689 = CARTESIAN_POINT('',(4.663301595172,7.005552930786));
#690 = CARTESIAN_POINT('',(4.81056375081,7.184902586054));
#691 = CARTESIAN_POINT('',(4.957825906446,7.358308330752));
#692 = CARTESIAN_POINT('',(5.25235021772,7.682518523278));
#693 = CARTESIAN_POINT('',(5.399612373358,7.833322852454));
#694 = CARTESIAN_POINT('',(5.546874528995,7.967470233452));
#695 = CARTESIAN_POINT('',(5.694136684633,8.080124697291));
#696 = CARTESIAN_POINT('',(5.841398840271,8.167349760189));
#697 = CARTESIAN_POINT('',(5.988660995905,8.226409377681));
#698 = CARTESIAN_POINT('',(6.135923151543,8.255939550154));
#699 = CARTESIAN_POINT('',(6.28318530718,8.255939550154));
#700 = ( GEOMETRIC_REPRESENTATION_CONTEXT(2) 
PARAMETRIC_REPRESENTATION_CONTEXT() REPRESENTATION_CONTEXT('2D SPACE',''
  ) );
#701 = FACE_BOUND('',#702,.T.);
#702 = EDGE_LOOP('',(#703));
#703 = ORIENTED_EDGE('',*,*,#704,.F.);
#704 = EDGE_CURVE('',#705,#705,#707,.T.);
#705 = VERTEX_POINT('',#706);
#706 = CARTESIAN_POINT('',(41.298680985646,5.675272158146,9.7));
#707 = SURFACE_CURVE('',#708,(#713,#720),.PCURVE_S1.);
#708 = ELLIPSE('',#709,3.042966792301,2.8);
#709 = AXIS2_PLACEMENT_3D('',#710,#711,#712);
#710 = CARTESIAN_POINT('',(44.110015723165,4.510779181495,9.7));
#711 = DIRECTION('',(0.,0.,1.));
#712 = DIRECTION('',(-0.923879532511,0.382683432365,0.));
#713 = PCURVE('',#33,#714);
#714 = DEFINITIONAL_REPRESENTATION('',(#715),#719);
#715 = ELLIPSE('',#716,3.042966792301,2.8);
#716 = AXIS2_PLACEMENT_2D('',#717,#718);
#717 = CARTESIAN_POINT('',(-10.88998427683,4.510779181495));
#718 = DIRECTION('',(-0.923879532511,0.382683432365));
#719 = ( GEOMETRIC_REPRESENTATION_CONTEXT(2) 
PARAMETRIC_REPRESENTATION_CONTEXT() REPRESENTATION_CONTEXT('2D SPACE',''
  ) );
#720 = PCURVE('',#721,#726);
#721 = CYLINDRICAL_SURFACE('',#722,2.8);
#722 = AXIS2_PLACEMENT_3D('',#723,#724,#725);
#723 = CARTESIAN_POINT('',(46.665579179784,3.452230138258,3.199613410929
    ));
#724 = DIRECTION('',(-0.361749801959,0.149841674157,0.920154635629));
#725 = DIRECTION('',(-0.850112034603,0.352127934269,-0.391555164097));
#726 = DEFINITIONAL_REPRESENTATION('',(#727),#758);
#727 = B_SPLINE_CURVE_WITH_KNOTS('',8,(#728,#729,#730,#731,#732,#733,
    #734,#735,#736,#737,#738,#739,#740,#741,#742,#743,#744,#745,#746,
    #747,#748,#749,#750,#751,#752,#753,#754,#755,#756,#757),
  .UNSPECIFIED.,.F.,.F.,(9,7,7,7,9),(0.,1.570796326795,3.926990816987,
    5.105088062083,6.28318530718),.UNSPECIFIED.);
#728 = CARTESIAN_POINT('',(-8.881784197001E-16,8.255939550154));
#729 = CARTESIAN_POINT('',(0.196349540849,8.255939550154));
#730 = CARTESIAN_POINT('',(0.3926990817,8.203440736332));
#731 = CARTESIAN_POINT('',(0.589048622546,8.098449455197));
#732 = CARTESIAN_POINT('',(0.785398163398,7.945264257626));
#733 = CARTESIAN_POINT('',(0.98174770425,7.752554395427));
#734 = CARTESIAN_POINT('',(1.178097245095,7.532346152388));
#735 = CARTESIAN_POINT('',(1.374446785946,7.298398577549));
#736 = CARTESIAN_POINT('',(1.865320638069,6.713527604806));
#737 = CARTESIAN_POINT('',(2.159844949347,6.362603749518));
#738 = CARTESIAN_POINT('',(2.454369260581,6.058076371646));
#739 = CARTESIAN_POINT('',(2.748893571913,5.846275849734));
#740 = CARTESIAN_POINT('',(3.043417883154,5.760886636726));
#741 = CARTESIAN_POINT('',(3.337942194442,5.809185015532));
#742 = CARTESIAN_POINT('',(3.632466505713,5.973800242514));
#743 = CARTESIAN_POINT('',(4.074252972624,6.346009850365));
#744 = CARTESIAN_POINT('',(4.221515128261,6.490960659448));
#745 = CARTESIAN_POINT('',(4.368777283899,6.652692237343));
#746 = CARTESIAN_POINT('',(4.516039439535,6.82613929403));
#747 = CARTESIAN_POINT('',(4.663301595171,7.005552930787));
#748 = CARTESIAN_POINT('',(4.81056375081,7.184902586054));
#749 = CARTESIAN_POINT('',(4.957825906446,7.358308330752));
#750 = CARTESIAN_POINT('',(5.25235021772,7.682518523278));
#751 = CARTESIAN_POINT('',(5.399612373356,7.833322852453));
#752 = CARTESIAN_POINT('',(5.546874528999,7.967470233453));
#753 = CARTESIAN_POINT('',(5.694136684634,8.080124697293));
#754 = CARTESIAN_POINT('',(5.841398840266,8.16734976019));
#755 = CARTESIAN_POINT('',(5.988660995906,8.226409377682));
#756 = CARTESIAN_POINT('',(6.135923151543,8.255939550154));
#757 = CARTESIAN_POINT('',(6.28318530718,8.255939550154));
#758 = ( GEOMETRIC_REPRESENTATION_CONTEXT(2) 
PARAMETRIC_REPRESENTATION_CONTEXT() REPRESENTATION_CONTEXT('2D SPACE',''
  ) );
#759 = FACE_BOUND('',#760,.T.);
#760 = EDGE_LOOP('',(#761));
#761 = ORIENTED_EDGE('',*,*,#762,.F.);
#762 = EDGE_CURVE('',#763,#763,#765,.T.);
#763 = VERTEX_POINT('',#764);
#764 = CARTESIAN_POINT('',(57.8,-6.858022075225E-16,9.7));
#765 = SURFACE_CURVE('',#766,(#771,#778),.PCURVE_S1.);
#766 = CIRCLE('',#767,2.8);
#767 = AXIS2_PLACEMENT_3D('',#768,#769,#770);
#768 = CARTESIAN_POINT('',(55.,0.,9.7));
#769 = DIRECTION('',(0.,0.,1.));
#770 = DIRECTION('',(1.,0.,-0.));
#771 = PCURVE('',#33,#772);
#772 = DEFINITIONAL_REPRESENTATION('',(#773),#777);
#773 = CIRCLE('',#774,2.8);
#774 = AXIS2_PLACEMENT_2D('',#775,#776);
#775 = CARTESIAN_POINT('',(0.,0.));
#776 = DIRECTION('',(1.,0.));
#777 = ( GEOMETRIC_REPRESENTATION_CONTEXT(2) 
PARAMETRIC_REPRESENTATION_CONTEXT() REPRESENTATION_CONTEXT('2D SPACE',''
  ) );
#778 = PCURVE('',#779,#784);
#779 = CYLINDRICAL_SURFACE('',#780,2.8);
#780 = AXIS2_PLACEMENT_3D('',#781,#782,#783);
#781 = CARTESIAN_POINT('',(55.,0.,4.));
#782 = DIRECTION('',(0.,0.,1.));
#783 = DIRECTION('',(1.,0.,-0.));
#784 = DEFINITIONAL_REPRESENTATION('',(#785),#789);
#785 = LINE('',#786,#787);
#786 = CARTESIAN_POINT('',(0.,5.7));
#787 = VECTOR('',#788,1.);
#788 = DIRECTION('',(1.,0.));
#789 = ( GEOMETRIC_REPRESENTATION_CONTEXT(2) 
PARAMETRIC_REPRESENTATION_CONTEXT() REPRESENTATION_CONTEXT('2D SPACE',''
  ) );
#790 = FACE_BOUND('',#791,.T.);
#791 = EDGE_LOOP('',(#792));
#792 = ORIENTED_EDGE('',*,*,#793,.F.);
#793 = EDGE_CURVE('',#794,#794,#796,.T.);
#794 = VERTEX_POINT('',#795);
#795 = CARTESIAN_POINT('',(49.324727841854,13.701319014354,9.7));
#796 = SURFACE_CURVE('',#797,(#802,#809),.PCURVE_S1.);
#797 = ELLIPSE('',#798,3.042966792301,2.8);
#798 = AXIS2_PLACEMENT_3D('',#799,#800,#801);
#799 = CARTESIAN_POINT('',(50.489220818505,10.889984276835,9.7));
#800 = DIRECTION('',(0.,0.,1.));
#801 = DIRECTION('',(-0.382683432365,0.923879532511,0.));
#802 = PCURVE('',#33,#803);
#803 = DEFINITIONAL_REPRESENTATION('',(#804),#808);
#804 = ELLIPSE('',#805,3.042966792301,2.8);
#805 = AXIS2_PLACEMENT_2D('',#806,#807);
#806 = CARTESIAN_POINT('',(-4.510779181495,10.889984276835));
#807 = DIRECTION('',(-0.382683432365,0.923879532511));
#808 = ( GEOMETRIC_REPRESENTATION_CONTEXT(2) 
PARAMETRIC_REPRESENTATION_CONTEXT() REPRESENTATION_CONTEXT('2D SPACE',''
  ) );
#809 = PCURVE('',#810,#815);
#810 = CYLINDRICAL_SURFACE('',#811,2.8);
#811 = AXIS2_PLACEMENT_3D('',#812,#813,#814);
#812 = CARTESIAN_POINT('',(51.547769861742,8.334420820216,3.199613410929
    ));
#813 = DIRECTION('',(-0.149841674157,0.361749801959,0.920154635629));
#814 = DIRECTION('',(-0.352127934269,0.850112034603,-0.391555164097));
#815 = DEFINITIONAL_REPRESENTATION('',(#816),#847);
#816 = B_SPLINE_CURVE_WITH_KNOTS('',8,(#817,#818,#819,#820,#821,#822,
    #823,#824,#825,#826,#827,#828,#829,#830,#831,#832,#833,#834,#835,
    #836,#837,#838,#839,#840,#841,#842,#843,#844,#845,#846),
  .UNSPECIFIED.,.F.,.F.,(9,7,7,7,9),(0.,1.570796326795,3.926990816987,
    5.105088062083,6.28318530718),.UNSPECIFIED.);
#817 = CARTESIAN_POINT('',(0.,8.255939550154));
#818 = CARTESIAN_POINT('',(0.196349540849,8.255939550154));
#819 = CARTESIAN_POINT('',(0.392699081699,8.203440736333));
#820 = CARTESIAN_POINT('',(0.589048622548,8.098449455196));
#821 = CARTESIAN_POINT('',(0.785398163397,7.945264257627));
#822 = CARTESIAN_POINT('',(0.981747704247,7.752554395429));
#823 = CARTESIAN_POINT('',(1.178097245096,7.532346152387));
#824 = CARTESIAN_POINT('',(1.374446785946,7.298398577549));
#825 = CARTESIAN_POINT('',(1.865320638069,6.713527604806));
#826 = CARTESIAN_POINT('',(2.159844949341,6.362603749517));
#827 = CARTESIAN_POINT('',(2.45436926062,6.058076371668));
#828 = CARTESIAN_POINT('',(2.748893571885,5.84627584973));
#829 = CARTESIAN_POINT('',(3.043417883167,5.760886636734));
#830 = CARTESIAN_POINT('',(3.337942194437,5.809185015531));
#831 = CARTESIAN_POINT('',(3.632466505713,5.973800242514));
#832 = CARTESIAN_POINT('',(4.074252972624,6.346009850365));
#833 = CARTESIAN_POINT('',(4.22151512826,6.490960659447));
#834 = CARTESIAN_POINT('',(4.3687772839,6.652692237344));
#835 = CARTESIAN_POINT('',(4.516039439537,6.826139294029));
#836 = CARTESIAN_POINT('',(4.663301595172,7.005552930785));
#837 = CARTESIAN_POINT('',(4.81056375081,7.184902586055));
#838 = CARTESIAN_POINT('',(4.957825906446,7.358308330752));
#839 = CARTESIAN_POINT('',(5.25235021772,7.682518523278));
#840 = CARTESIAN_POINT('',(5.399612373358,7.833322852454));
#841 = CARTESIAN_POINT('',(5.546874528995,7.967470233452));
#842 = CARTESIAN_POINT('',(5.694136684632,8.080124697293));
#843 = CARTESIAN_POINT('',(5.841398840269,8.167349760191));
#844 = CARTESIAN_POINT('',(5.988660995905,8.226409377682));
#845 = CARTESIAN_POINT('',(6.135923151543,8.255939550154));
#846 = CARTESIAN_POINT('',(6.28318530718,8.255939550154));
#847 = ( GEOMETRIC_REPRESENTATION_CONTEXT(2) 
PARAMETRIC_REPRESENTATION_CONTEXT() REPRESENTATION_CONTEXT('2D SPACE',''
  ) );
#848 = FACE_BOUND('',#849,.T.);
#849 = EDGE_LOOP('',(#850));
#850 = ORIENTED_EDGE('',*,*,#851,.F.);
#851 = EDGE_CURVE('',#852,#852,#854,.T.);
#852 = VERTEX_POINT('',#853);
#853 = CARTESIAN_POINT('',(68.701319014354,5.675272158146,9.7));
#854 = SURFACE_CURVE('',#855,(#860,#867),.PCURVE_S1.);
#855 = ELLIPSE('',#856,3.042966792301,2.8);
#856 = AXIS2_PLACEMENT_3D('',#857,#858,#859);
#857 = CARTESIAN_POINT('',(65.889984276835,4.510779181495,9.7));
#858 = DIRECTION('',(0.,0.,1.));
#859 = DIRECTION('',(0.923879532511,0.382683432365,-0.));
#860 = PCURVE('',#33,#861);
#861 = DEFINITIONAL_REPRESENTATION('',(#862),#866);
#862 = ELLIPSE('',#863,3.042966792301,2.8);
#863 = AXIS2_PLACEMENT_2D('',#864,#865);
#864 = CARTESIAN_POINT('',(10.889984276835,4.510779181495));
#865 = DIRECTION('',(0.923879532511,0.382683432365));
#866 = ( GEOMETRIC_REPRESENTATION_CONTEXT(2) 
PARAMETRIC_REPRESENTATION_CONTEXT() REPRESENTATION_CONTEXT('2D SPACE',''
  ) );
#867 = PCURVE('',#868,#873);
#868 = CYLINDRICAL_SURFACE('',#869,2.8);
#869 = AXIS2_PLACEMENT_3D('',#870,#871,#872);
#870 = CARTESIAN_POINT('',(63.334420820216,3.452230138258,3.199613410929
    ));
#871 = DIRECTION('',(0.361749801959,0.149841674157,0.920154635629));
#872 = DIRECTION('',(0.850112034603,0.352127934269,-0.391555164097));
#873 = DEFINITIONAL_REPRESENTATION('',(#874),#905);
#874 = B_SPLINE_CURVE_WITH_KNOTS('',8,(#875,#876,#877,#878,#879,#880,
    #881,#882,#883,#884,#885,#886,#887,#888,#889,#890,#891,#892,#893,
    #894,#895,#896,#897,#898,#899,#900,#901,#902,#903,#904),
  .UNSPECIFIED.,.F.,.F.,(9,7,7,7,9),(0.,1.570796326795,3.926990816987,
    5.105088062083,6.28318530718),.UNSPECIFIED.);
#875 = CARTESIAN_POINT('',(-8.881784197001E-16,8.255939550154));
#876 = CARTESIAN_POINT('',(0.196349540849,8.255939550154));
#877 = CARTESIAN_POINT('',(0.392699081699,8.203440736333));
#878 = CARTESIAN_POINT('',(0.589048622548,8.098449455197));
#879 = CARTESIAN_POINT('',(0.785398163398,7.945264257627));
#880 = CARTESIAN_POINT('',(0.981747704248,7.752554395428));
#881 = CARTESIAN_POINT('',(1.178097245096,7.532346152388));
#882 = CARTESIAN_POINT('',(1.374446785946,7.298398577549));
#883 = CARTESIAN_POINT('',(1.865320638069,6.713527604807));
#884 = CARTESIAN_POINT('',(2.159844949347,6.36260374951));
#885 = CARTESIAN_POINT('',(2.454369260581,6.058076371675));
#886 = CARTESIAN_POINT('',(2.748893571913,5.846275849664));
#887 = CARTESIAN_POINT('',(3.043417883154,5.760886636777));
#888 = CARTESIAN_POINT('',(3.337942194442,5.809185015522));
#889 = CARTESIAN_POINT('',(3.632466505713,5.973800242514));
#890 = CARTESIAN_POINT('',(4.074252972624,6.346009850365));
#891 = CARTESIAN_POINT('',(4.221515128262,6.490960659447));
#892 = CARTESIAN_POINT('',(4.368777283898,6.652692237343));
#893 = CARTESIAN_POINT('',(4.516039439534,6.82613929403));
#894 = CARTESIAN_POINT('',(4.663301595171,7.005552930788));
#895 = CARTESIAN_POINT('',(4.810563750809,7.184902586054));
#896 = CARTESIAN_POINT('',(4.957825906446,7.358308330752));
#897 = CARTESIAN_POINT('',(5.25235021772,7.682518523278));
#898 = CARTESIAN_POINT('',(5.399612373358,7.833322852454));
#899 = CARTESIAN_POINT('',(5.546874528998,7.967470233454));
#900 = CARTESIAN_POINT('',(5.694136684634,8.080124697295));
#901 = CARTESIAN_POINT('',(5.841398840268,8.167349760191));
#902 = CARTESIAN_POINT('',(5.988660995905,8.226409377681));
#903 = CARTESIAN_POINT('',(6.135923151543,8.255939550154));
#904 = CARTESIAN_POINT('',(6.28318530718,8.255939550154));
#905 = ( GEOMETRIC_REPRESENTATION_CONTEXT(2) 
PARAMETRIC_REPRESENTATION_CONTEXT() REPRESENTATION_CONTEXT('2D SPACE',''
  ) );
#906 = FACE_BOUND('',#907,.T.);
#907 = EDGE_LOOP('',(#908));
#908 = ORIENTED_EDGE('',*,*,#909,.F.);
#909 = EDGE_CURVE('',#910,#910,#912,.T.);
#910 = VERTEX_POINT('',#911);
#911 = CARTESIAN_POINT('',(60.675272158146,13.701319014354,9.7));
#912 = SURFACE_CURVE('',#913,(#918,#925),.PCURVE_S1.);
#913 = ELLIPSE('',#914,3.042966792301,2.8);
#914 = AXIS2_PLACEMENT_3D('',#915,#916,#917);
#915 = CARTESIAN_POINT('',(59.510779181495,10.889984276835,9.7));
#916 = DIRECTION('',(0.,0.,1.));
#917 = DIRECTION('',(0.382683432365,0.923879532511,-0.));
#918 = PCURVE('',#33,#919);
#919 = DEFINITIONAL_REPRESENTATION('',(#920),#924);
#920 = ELLIPSE('',#921,3.042966792301,2.8);
#921 = AXIS2_PLACEMENT_2D('',#922,#923);
#922 = CARTESIAN_POINT('',(4.510779181495,10.889984276835));
#923 = DIRECTION('',(0.382683432365,0.923879532511));
#924 = ( GEOMETRIC_REPRESENTATION_CONTEXT(2) 
PARAMETRIC_REPRESENTATION_CONTEXT() REPRESENTATION_CONTEXT('2D SPACE',''
  ) );
#925 = PCURVE('',#926,#931);
#926 = CYLINDRICAL_SURFACE('',#927,2.8);
#927 = AXIS2_PLACEMENT_3D('',#928,#929,#930);
#928 = CARTESIAN_POINT('',(58.452230138258,8.334420820216,3.199613410929
    ));
#929 = DIRECTION('',(0.149841674157,0.361749801959,0.920154635629));
#930 = DIRECTION('',(0.352127934269,0.850112034603,-0.391555164097));
#931 = DEFINITIONAL_REPRESENTATION('',(#932),#963);
#932 = B_SPLINE_CURVE_WITH_KNOTS('',8,(#933,#934,#935,#936,#937,#938,
    #939,#940,#941,#942,#943,#944,#945,#946,#947,#948,#949,#950,#951,
    #952,#953,#954,#955,#956,#957,#958,#959,#960,#961,#962),
  .UNSPECIFIED.,.F.,.F.,(9,7,7,7,9),(0.,1.570796326795,3.926990816987,
    5.105088062083,6.28318530718),.UNSPECIFIED.);
#933 = CARTESIAN_POINT('',(-1.7763568394E-15,8.255939550154));
#934 = CARTESIAN_POINT('',(0.196349540849,8.255939550154));
#935 = CARTESIAN_POINT('',(0.3926990817,8.203440736334));
#936 = CARTESIAN_POINT('',(0.589048622546,8.098449455197));
#937 = CARTESIAN_POINT('',(0.785398163396,7.945264257628));
#938 = CARTESIAN_POINT('',(0.981747704248,7.752554395429));
#939 = CARTESIAN_POINT('',(1.178097245096,7.532346152387));
#940 = CARTESIAN_POINT('',(1.374446785946,7.298398577549));
#941 = CARTESIAN_POINT('',(1.865320638069,6.713527604806));
#942 = CARTESIAN_POINT('',(2.159844949347,6.362603749518));
#943 = CARTESIAN_POINT('',(2.454369260566,6.058076371668));
#944 = CARTESIAN_POINT('',(2.748893571884,5.846275849683));
#945 = CARTESIAN_POINT('',(3.043417883139,5.760886636755));
#946 = CARTESIAN_POINT('',(3.337942194442,5.809185015529));
#947 = CARTESIAN_POINT('',(3.632466505713,5.973800242514));
#948 = CARTESIAN_POINT('',(4.074252972624,6.346009850365));
#949 = CARTESIAN_POINT('',(4.221515128261,6.490960659446));
#950 = CARTESIAN_POINT('',(4.368777283899,6.652692237345));
#951 = CARTESIAN_POINT('',(4.516039439534,6.826139294029));
#952 = CARTESIAN_POINT('',(4.66330159517,7.005552930784));
#953 = CARTESIAN_POINT('',(4.81056375081,7.184902586055));
#954 = CARTESIAN_POINT('',(4.957825906446,7.358308330752));
#955 = CARTESIAN_POINT('',(5.25235021772,7.682518523278));
#956 = CARTESIAN_POINT('',(5.399612373357,7.833322852455));
#957 = CARTESIAN_POINT('',(5.546874528995,7.967470233451));
#958 = CARTESIAN_POINT('',(5.694136684633,8.080124697292));
#959 = CARTESIAN_POINT('',(5.841398840269,8.167349760191));
#960 = CARTESIAN_POINT('',(5.988660995905,8.226409377681));
#961 = CARTESIAN_POINT('',(6.135923151543,8.255939550154));
#962 = CARTESIAN_POINT('',(6.28318530718,8.255939550154));
#963 = ( GEOMETRIC_REPRESENTATION_CONTEXT(2) 
PARAMETRIC_REPRESENTATION_CONTEXT() REPRESENTATION_CONTEXT('2D SPACE',''
  ) );
#964 = ADVANCED_FACE('',(#965),#49,.T.);
#965 = FACE_BOUND('',#966,.T.);
#966 = EDGE_LOOP('',(#967,#988,#1017,#1036,#1037,#1058,#1087,#1106));
#967 = ORIENTED_EDGE('',*,*,#968,.F.);
#968 = EDGE_CURVE('',#969,#388,#971,.T.);
#969 = VERTEX_POINT('',#970);
#970 = CARTESIAN_POINT('',(72.040928683373,-5.797132878259,2.5));
#971 = SURFACE_CURVE('',#972,(#976,#982),.PCURVE_S1.);
#972 = LINE('',#973,#974);
#973 = CARTESIAN_POINT('',(72.040928683373,-5.797132878259,2.5));
#974 = VECTOR('',#975,1.);
#975 = DIRECTION('',(0.,0.,1.));
#976 = PCURVE('',#49,#977);
#977 = DEFINITIONAL_REPRESENTATION('',(#978),#981);
#978 = B_SPLINE_CURVE_WITH_KNOTS('',1,(#979,#980),.UNSPECIFIED.,.F.,.F.,
  (2,2),(-2.400000000069E-06,7.2000024),.PIECEWISE_BEZIER_KNOTS.);
#979 = CARTESIAN_POINT('',(5.955277584447,-2.400000000069E-06));
#980 = CARTESIAN_POINT('',(5.955277584447,7.2000024));
#981 = ( GEOMETRIC_REPRESENTATION_CONTEXT(2) 
PARAMETRIC_REPRESENTATION_CONTEXT() REPRESENTATION_CONTEXT('2D SPACE',''
  ) );
#982 = PCURVE('',#403,#983);
#983 = DEFINITIONAL_REPRESENTATION('',(#984),#987);
#984 = B_SPLINE_CURVE_WITH_KNOTS('',1,(#985,#986),.UNSPECIFIED.,.F.,.F.,
  (2,2),(-2.400000000069E-06,7.2000024),.PIECEWISE_BEZIER_KNOTS.);
#985 = CARTESIAN_POINT('',(-2.400000000069E-06,3.65644358301));
#986 = CARTESIAN_POINT('',(7.2000024,3.65644358301));
#987 = ( GEOMETRIC_REPRESENTATION_CONTEXT(2) 
PARAMETRIC_REPRESENTATION_CONTEXT() REPRESENTATION_CONTEXT('2D SPACE',''
  ) );
#988 = ORIENTED_EDGE('',*,*,#989,.T.);
#989 = EDGE_CURVE('',#969,#990,#992,.T.);
#990 = VERTEX_POINT('',#991);
#991 = CARTESIAN_POINT('',(58.5,17.656443583009,2.5));
#992 = SURFACE_CURVE('',#993,(#998,#1005),.PCURVE_S1.);
#993 = CIRCLE('',#994,18.);
#994 = AXIS2_PLACEMENT_3D('',#995,#996,#997);
#995 = CARTESIAN_POINT('',(55.,0.,2.5));
#996 = DIRECTION('',(0.,0.,1.));
#997 = DIRECTION('',(-0.150948246972,0.988541666667,0.));
#998 = PCURVE('',#49,#999);
#999 = DEFINITIONAL_REPRESENTATION('',(#1000),#1004);
#1000 = LINE('',#1001,#1002);
#1001 = CARTESIAN_POINT('',(1.722323767721,0.));
#1002 = VECTOR('',#1003,1.);
#1003 = DIRECTION('',(1.,0.));
#1004 = ( GEOMETRIC_REPRESENTATION_CONTEXT(2) 
PARAMETRIC_REPRESENTATION_CONTEXT() REPRESENTATION_CONTEXT('2D SPACE',''
  ) );
#1005 = PCURVE('',#1006,#1011);
#1006 = PLANE('',#1007);
#1007 = AXIS2_PLACEMENT_3D('',#1008,#1009,#1010);
#1008 = CARTESIAN_POINT('',(58.5,14.,2.5));
#1009 = DIRECTION('',(0.,0.,1.));
#1010 = DIRECTION('',(2.22044604925E-16,1.,0.));
#1011 = DEFINITIONAL_REPRESENTATION('',(#1012),#1016);
#1012 = CIRCLE('',#1013,18.);
#1013 = AXIS2_PLACEMENT_2D('',#1014,#1015);
#1014 = CARTESIAN_POINT('',(-14.,3.5));
#1015 = DIRECTION('',(0.988541666667,0.150948246972));
#1016 = ( GEOMETRIC_REPRESENTATION_CONTEXT(2) 
PARAMETRIC_REPRESENTATION_CONTEXT() REPRESENTATION_CONTEXT('2D SPACE',''
  ) );
#1017 = ORIENTED_EDGE('',*,*,#1018,.T.);
#1018 = EDGE_CURVE('',#990,#22,#1019,.T.);
#1019 = SURFACE_CURVE('',#1020,(#1024,#1030),.PCURVE_S1.);
#1020 = LINE('',#1021,#1022);
#1021 = CARTESIAN_POINT('',(58.5,17.65644358301,2.5));
#1022 = VECTOR('',#1023,1.);
#1023 = DIRECTION('',(0.,0.,1.));
#1024 = PCURVE('',#49,#1025);
#1025 = DEFINITIONAL_REPRESENTATION('',(#1026),#1029);
#1026 = B_SPLINE_CURVE_WITH_KNOTS('',1,(#1027,#1028),.UNSPECIFIED.,.F.,
  .F.,(2,2),(-2.400000000069E-06,7.2000024),.PIECEWISE_BEZIER_KNOTS.);
#1027 = CARTESIAN_POINT('',(7.658290581109,-2.400000000069E-06));
#1028 = CARTESIAN_POINT('',(7.658290581109,7.2000024));
#1029 = ( GEOMETRIC_REPRESENTATION_CONTEXT(2) 
PARAMETRIC_REPRESENTATION_CONTEXT() REPRESENTATION_CONTEXT('2D SPACE',''
  ) );
#1030 = PCURVE('',#77,#1031);
#1031 = DEFINITIONAL_REPRESENTATION('',(#1032),#1035);
#1032 = B_SPLINE_CURVE_WITH_KNOTS('',1,(#1033,#1034),.UNSPECIFIED.,.F.,
  .F.,(2,2),(-2.400000000069E-06,7.2000024),.PIECEWISE_BEZIER_KNOTS.);
#1033 = CARTESIAN_POINT('',(-2.400000000069E-06,3.65644358301));
#1034 = CARTESIAN_POINT('',(7.2000024,3.65644358301));
#1035 = ( GEOMETRIC_REPRESENTATION_CONTEXT(2) 
PARAMETRIC_REPRESENTATION_CONTEXT() REPRESENTATION_CONTEXT('2D SPACE',''
  ) );
#1036 = ORIENTED_EDGE('',*,*,#21,.T.);
#1037 = ORIENTED_EDGE('',*,*,#1038,.F.);
#1038 = EDGE_CURVE('',#1039,#24,#1041,.T.);
#1039 = VERTEX_POINT('',#1040);
#1040 = CARTESIAN_POINT('',(66.656449200153,13.715946633181,4.7));
#1041 = SURFACE_CURVE('',#1042,(#1046,#1052),.PCURVE_S1.);
#1042 = LINE('',#1043,#1044);
#1043 = CARTESIAN_POINT('',(66.656449200153,13.715946633181,2.5));
#1044 = VECTOR('',#1045,1.);
#1045 = DIRECTION('',(0.,0.,1.));
#1046 = PCURVE('',#49,#1047);
#1047 = DEFINITIONAL_REPRESENTATION('',(#1048),#1051);
#1048 = B_SPLINE_CURVE_WITH_KNOTS('',1,(#1049,#1050),.UNSPECIFIED.,.F.,
  .F.,(2,2),(2.1999994,7.2000006),.PIECEWISE_BEZIER_KNOTS.);
#1049 = CARTESIAN_POINT('',(7.149576692845,2.1999994));
#1050 = CARTESIAN_POINT('',(7.149576692845,7.2000006));
#1051 = ( GEOMETRIC_REPRESENTATION_CONTEXT(2) 
PARAMETRIC_REPRESENTATION_CONTEXT() REPRESENTATION_CONTEXT('2D SPACE',''
  ) );
#1052 = PCURVE('',#458,#1053);
#1053 = DEFINITIONAL_REPRESENTATION('',(#1054),#1057);
#1054 = B_SPLINE_CURVE_WITH_KNOTS('',1,(#1055,#1056),.UNSPECIFIED.,.F.,
  .F.,(2,2),(2.1999994,7.2000006),.PIECEWISE_BEZIER_KNOTS.);
#1055 = CARTESIAN_POINT('',(1.768394431587,-5.999999999062E-07));
#1056 = CARTESIAN_POINT('',(1.768394431587,5.0000006));
#1057 = ( GEOMETRIC_REPRESENTATION_CONTEXT(2) 
PARAMETRIC_REPRESENTATION_CONTEXT() REPRESENTATION_CONTEXT('2D SPACE',''
  ) );
#1058 = ORIENTED_EDGE('',*,*,#1059,.F.);
#1059 = EDGE_CURVE('',#1060,#1039,#1062,.T.);
#1060 = VERTEX_POINT('',#1061);
#1061 = CARTESIAN_POINT('',(68.715946633181,11.656449200153,4.7));
#1062 = SURFACE_CURVE('',#1063,(#1068,#1075),.PCURVE_S1.);
#1063 = CIRCLE('',#1064,18.);
#1064 = AXIS2_PLACEMENT_3D('',#1065,#1066,#1067);
#1065 = CARTESIAN_POINT('',(55.,0.,4.7));
#1066 = DIRECTION('',(0.,0.,1.));
#1067 = DIRECTION('',(1.,0.,-0.));
#1068 = PCURVE('',#49,#1069);
#1069 = DEFINITIONAL_REPRESENTATION('',(#1070),#1074);
#1070 = LINE('',#1071,#1072);
#1071 = CARTESIAN_POINT('',(6.28318530718,2.2));
#1072 = VECTOR('',#1073,1.);
#1073 = DIRECTION('',(1.,0.));
#1074 = ( GEOMETRIC_REPRESENTATION_CONTEXT(2) 
PARAMETRIC_REPRESENTATION_CONTEXT() REPRESENTATION_CONTEXT('2D SPACE',''
  ) );
#1075 = PCURVE('',#1076,#1081);
#1076 = PLANE('',#1077);
#1077 = AXIS2_PLACEMENT_3D('',#1078,#1079,#1080);
#1078 = CARTESIAN_POINT('',(67.,12.,4.7));
#1079 = DIRECTION('',(0.,0.,1.));
#1080 = DIRECTION('',(1.,0.,-0.));
#1081 = DEFINITIONAL_REPRESENTATION('',(#1082),#1086);
#1082 = CIRCLE('',#1083,18.);
#1083 = AXIS2_PLACEMENT_2D('',#1084,#1085);
#1084 = CARTESIAN_POINT('',(-12.,-12.));
#1085 = DIRECTION('',(1.,0.));
#1086 = ( GEOMETRIC_REPRESENTATION_CONTEXT(2) 
PARAMETRIC_REPRESENTATION_CONTEXT() REPRESENTATION_CONTEXT('2D SPACE',''
  ) );
#1087 = ORIENTED_EDGE('',*,*,#1088,.T.);
#1088 = EDGE_CURVE('',#1060,#416,#1089,.T.);
#1089 = SURFACE_CURVE('',#1090,(#1094,#1100),.PCURVE_S1.);
#1090 = LINE('',#1091,#1092);
#1091 = CARTESIAN_POINT('',(68.715946633181,11.656449200153,2.5));
#1092 = VECTOR('',#1093,1.);
#1093 = DIRECTION('',(0.,0.,1.));
#1094 = PCURVE('',#49,#1095);
#1095 = DEFINITIONAL_REPRESENTATION('',(#1096),#1099);
#1096 = B_SPLINE_CURVE_WITH_KNOTS('',1,(#1097,#1098),.UNSPECIFIED.,.F.,
  .F.,(2,2),(2.1999994,7.2000006),.PIECEWISE_BEZIER_KNOTS.);
#1097 = CARTESIAN_POINT('',(6.987590248309,2.1999994));
#1098 = CARTESIAN_POINT('',(6.987590248309,7.2000006));
#1099 = ( GEOMETRIC_REPRESENTATION_CONTEXT(2) 
PARAMETRIC_REPRESENTATION_CONTEXT() REPRESENTATION_CONTEXT('2D SPACE',''
  ) );
#1100 = PCURVE('',#458,#1101);
#1101 = DEFINITIONAL_REPRESENTATION('',(#1102),#1105);
#1102 = B_SPLINE_CURVE_WITH_KNOTS('',1,(#1103,#1104),.UNSPECIFIED.,.F.,
  .F.,(2,2),(2.1999994,7.2000006),.PIECEWISE_BEZIER_KNOTS.);
#1103 = CARTESIAN_POINT('',(6.085587202388,-5.999999999062E-07));
#1104 = CARTESIAN_POINT('',(6.085587202388,5.0000006));
#1105 = ( GEOMETRIC_REPRESENTATION_CONTEXT(2) 
PARAMETRIC_REPRESENTATION_CONTEXT() REPRESENTATION_CONTEXT('2D SPACE',''
  ) );
#1106 = ORIENTED_EDGE('',*,*,#415,.T.);
#1107 = ADVANCED_FACE('',(#1108),#77,.F.);
#1108 = FACE_BOUND('',#1109,.F.);
#1109 = EDGE_LOOP('',(#1110,#1133,#1134,#1135));
#1110 = ORIENTED_EDGE('',*,*,#1111,.F.);
#1111 = EDGE_CURVE('',#990,#1112,#1114,.T.);
#1112 = VERTEX_POINT('',#1113);
#1113 = CARTESIAN_POINT('',(58.5,20.,2.5));
#1114 = SURFACE_CURVE('',#1115,(#1119,#1126),.PCURVE_S1.);
#1115 = LINE('',#1116,#1117);
#1116 = CARTESIAN_POINT('',(58.5,14.,2.5));
#1117 = VECTOR('',#1118,1.);
#1118 = DIRECTION('',(2.22044604925E-16,1.,0.));
#1119 = PCURVE('',#77,#1120);
#1120 = DEFINITIONAL_REPRESENTATION('',(#1121),#1125);
#1121 = LINE('',#1122,#1123);
#1122 = CARTESIAN_POINT('',(0.,0.));
#1123 = VECTOR('',#1124,1.);
#1124 = DIRECTION('',(0.,1.));
#1125 = ( GEOMETRIC_REPRESENTATION_CONTEXT(2) 
PARAMETRIC_REPRESENTATION_CONTEXT() REPRESENTATION_CONTEXT('2D SPACE',''
  ) );
#1126 = PCURVE('',#1006,#1127);
#1127 = DEFINITIONAL_REPRESENTATION('',(#1128),#1132);
#1128 = LINE('',#1129,#1130);
#1129 = CARTESIAN_POINT('',(0.,0.));
#1130 = VECTOR('',#1131,1.);
#1131 = DIRECTION('',(1.,0.));
#1132 = ( GEOMETRIC_REPRESENTATION_CONTEXT(2) 
PARAMETRIC_REPRESENTATION_CONTEXT() REPRESENTATION_CONTEXT('2D SPACE',''
  ) );
#1133 = ORIENTED_EDGE('',*,*,#1018,.T.);
#1134 = ORIENTED_EDGE('',*,*,#61,.T.);
#1135 = ORIENTED_EDGE('',*,*,#1136,.F.);
#1136 = EDGE_CURVE('',#1112,#62,#1137,.T.);
#1137 = SURFACE_CURVE('',#1138,(#1142,#1149),.PCURVE_S1.);
#1138 = LINE('',#1139,#1140);
#1139 = CARTESIAN_POINT('',(58.5,20.,2.5));
#1140 = VECTOR('',#1141,1.);
#1141 = DIRECTION('',(0.,0.,1.));
#1142 = PCURVE('',#77,#1143);
#1143 = DEFINITIONAL_REPRESENTATION('',(#1144),#1148);
#1144 = LINE('',#1145,#1146);
#1145 = CARTESIAN_POINT('',(0.,6.));
#1146 = VECTOR('',#1147,1.);
#1147 = DIRECTION('',(1.,0.));
#1148 = ( GEOMETRIC_REPRESENTATION_CONTEXT(2) 
PARAMETRIC_REPRESENTATION_CONTEXT() REPRESENTATION_CONTEXT('2D SPACE',''
  ) );
#1149 = PCURVE('',#110,#1150);
#1150 = DEFINITIONAL_REPRESENTATION('',(#1151),#1155);
#1151 = LINE('',#1152,#1153);
#1152 = CARTESIAN_POINT('',(6.28318530718,0.));
#1153 = VECTOR('',#1154,1.);
#1154 = DIRECTION('',(0.,1.));
#1155 = ( GEOMETRIC_REPRESENTATION_CONTEXT(2) 
PARAMETRIC_REPRESENTATION_CONTEXT() REPRESENTATION_CONTEXT('2D SPACE',''
  ) );
#1156 = ADVANCED_FACE('',(#1157),#458,.F.);
#1157 = FACE_BOUND('',#1158,.F.);
#1158 = EDGE_LOOP('',(#1159,#1160,#1182,#1183));
#1159 = ORIENTED_EDGE('',*,*,#1038,.F.);
#1160 = ORIENTED_EDGE('',*,*,#1161,.T.);
#1161 = EDGE_CURVE('',#1039,#1060,#1162,.T.);
#1162 = SURFACE_CURVE('',#1163,(#1168,#1175),.PCURVE_S1.);
#1163 = CIRCLE('',#1164,1.75);
#1164 = AXIS2_PLACEMENT_3D('',#1165,#1166,#1167);
#1165 = CARTESIAN_POINT('',(67.,12.,4.7));
#1166 = DIRECTION('',(0.,0.,1.));
#1167 = DIRECTION('',(1.,0.,-0.));
#1168 = PCURVE('',#458,#1169);
#1169 = DEFINITIONAL_REPRESENTATION('',(#1170),#1174);
#1170 = LINE('',#1171,#1172);
#1171 = CARTESIAN_POINT('',(0.,0.));
#1172 = VECTOR('',#1173,1.);
#1173 = DIRECTION('',(1.,0.));
#1174 = ( GEOMETRIC_REPRESENTATION_CONTEXT(2) 
PARAMETRIC_REPRESENTATION_CONTEXT() REPRESENTATION_CONTEXT('2D SPACE',''
  ) );
#1175 = PCURVE('',#1076,#1176);
#1176 = DEFINITIONAL_REPRESENTATION('',(#1177),#1181);
#1177 = CIRCLE('',#1178,1.75);
#1178 = AXIS2_PLACEMENT_2D('',#1179,#1180);
#1179 = CARTESIAN_POINT('',(0.,0.));
#1180 = DIRECTION('',(1.,0.));
#1181 = ( GEOMETRIC_REPRESENTATION_CONTEXT(2) 
PARAMETRIC_REPRESENTATION_CONTEXT() REPRESENTATION_CONTEXT('2D SPACE',''
  ) );
#1182 = ORIENTED_EDGE('',*,*,#1088,.T.);
#1183 = ORIENTED_EDGE('',*,*,#443,.F.);
#1184 = ADVANCED_FACE('',(#1185),#110,.T.);
#1185 = FACE_BOUND('',#1186,.T.);
#1186 = EDGE_LOOP('',(#1187,#1210,#1211,#1212));
#1187 = ORIENTED_EDGE('',*,*,#1188,.T.);
#1188 = EDGE_CURVE('',#1189,#90,#1191,.T.);
#1189 = VERTEX_POINT('',#1190);
#1190 = CARTESIAN_POINT('',(51.5,20.,2.5));
#1191 = SURFACE_CURVE('',#1192,(#1196,#1203),.PCURVE_S1.);
#1192 = LINE('',#1193,#1194);
#1193 = CARTESIAN_POINT('',(51.5,20.,2.5));
#1194 = VECTOR('',#1195,1.);
#1195 = DIRECTION('',(0.,0.,1.));
#1196 = PCURVE('',#110,#1197);
#1197 = DEFINITIONAL_REPRESENTATION('',(#1198),#1202);
#1198 = LINE('',#1199,#1200);
#1199 = CARTESIAN_POINT('',(9.424777960769,0.));
#1200 = VECTOR('',#1201,1.);
#1201 = DIRECTION('',(0.,1.));
#1202 = ( GEOMETRIC_REPRESENTATION_CONTEXT(2) 
PARAMETRIC_REPRESENTATION_CONTEXT() REPRESENTATION_CONTEXT('2D SPACE',''
  ) );
#1203 = PCURVE('',#138,#1204);
#1204 = DEFINITIONAL_REPRESENTATION('',(#1205),#1209);
#1205 = LINE('',#1206,#1207);
#1206 = CARTESIAN_POINT('',(0.,6.));
#1207 = VECTOR('',#1208,1.);
#1208 = DIRECTION('',(1.,0.));
#1209 = ( GEOMETRIC_REPRESENTATION_CONTEXT(2) 
PARAMETRIC_REPRESENTATION_CONTEXT() REPRESENTATION_CONTEXT('2D SPACE',''
  ) );
#1210 = ORIENTED_EDGE('',*,*,#89,.T.);
#1211 = ORIENTED_EDGE('',*,*,#1136,.F.);
#1212 = ORIENTED_EDGE('',*,*,#1213,.F.);
#1213 = EDGE_CURVE('',#1189,#1112,#1214,.T.);
#1214 = SURFACE_CURVE('',#1215,(#1220,#1227),.PCURVE_S1.);
#1215 = CIRCLE('',#1216,3.5);
#1216 = AXIS2_PLACEMENT_3D('',#1217,#1218,#1219);
#1217 = CARTESIAN_POINT('',(55.,20.,2.5));
#1218 = DIRECTION('',(-0.,0.,-1.));
#1219 = DIRECTION('',(-0.776305270141,-0.630357142857,0.));
#1220 = PCURVE('',#110,#1221);
#1221 = DEFINITIONAL_REPRESENTATION('',(#1222),#1226);
#1222 = LINE('',#1223,#1224);
#1223 = CARTESIAN_POINT('',(10.106791141111,0.));
#1224 = VECTOR('',#1225,1.);
#1225 = DIRECTION('',(-1.,-0.));
#1226 = ( GEOMETRIC_REPRESENTATION_CONTEXT(2) 
PARAMETRIC_REPRESENTATION_CONTEXT() REPRESENTATION_CONTEXT('2D SPACE',''
  ) );
#1227 = PCURVE('',#1006,#1228);
#1228 = DEFINITIONAL_REPRESENTATION('',(#1229),#1237);
#1229 = ( BOUNDED_CURVE() B_SPLINE_CURVE(2,(#1230,#1231,#1232,#1233,
#1234,#1235,#1236),.UNSPECIFIED.,.T.,.F.) B_SPLINE_CURVE_WITH_KNOTS((1,2
    ,2,2,2,1),(-2.094395102393,0.,2.094395102393,4.188790204786,
6.28318530718,8.377580409573),.UNSPECIFIED.) CURVE() 
GEOMETRIC_REPRESENTATION_ITEM() RATIONAL_B_SPLINE_CURVE((1.,0.5,1.,0.5,
1.,0.5,1.)) REPRESENTATION_ITEM('') );
#1230 = CARTESIAN_POINT('',(3.79375,6.217068445494));
#1231 = CARTESIAN_POINT('',(8.499850595238,10.038405539693));
#1232 = CARTESIAN_POINT('',(9.456175297619,4.052134324352));
#1233 = CARTESIAN_POINT('',(10.4125,-1.934136890988));
#1234 = CARTESIAN_POINT('',(4.750074702381,0.230797230153));
#1235 = CARTESIAN_POINT('',(-0.912350595238,2.395731351295));
#1236 = CARTESIAN_POINT('',(3.79375,6.217068445494));
#1237 = ( GEOMETRIC_REPRESENTATION_CONTEXT(2) 
PARAMETRIC_REPRESENTATION_CONTEXT() REPRESENTATION_CONTEXT('2D SPACE',''
  ) );
#1238 = ADVANCED_FACE('',(#1239),#138,.T.);
#1239 = FACE_BOUND('',#1240,.T.);
#1240 = EDGE_LOOP('',(#1241,#1264,#1283,#1284));
#1241 = ORIENTED_EDGE('',*,*,#1242,.F.);
#1242 = EDGE_CURVE('',#1243,#1189,#1245,.T.);
#1243 = VERTEX_POINT('',#1244);
#1244 = CARTESIAN_POINT('',(51.5,17.656443583009,2.5));
#1245 = SURFACE_CURVE('',#1246,(#1250,#1257),.PCURVE_S1.);
#1246 = LINE('',#1247,#1248);
#1247 = CARTESIAN_POINT('',(51.5,14.,2.5));
#1248 = VECTOR('',#1249,1.);
#1249 = DIRECTION('',(2.22044604925E-16,1.,0.));
#1250 = PCURVE('',#138,#1251);
#1251 = DEFINITIONAL_REPRESENTATION('',(#1252),#1256);
#1252 = LINE('',#1253,#1254);
#1253 = CARTESIAN_POINT('',(0.,0.));
#1254 = VECTOR('',#1255,1.);
#1255 = DIRECTION('',(0.,1.));
#1256 = ( GEOMETRIC_REPRESENTATION_CONTEXT(2) 
PARAMETRIC_REPRESENTATION_CONTEXT() REPRESENTATION_CONTEXT('2D SPACE',''
  ) );
#1257 = PCURVE('',#1006,#1258);
#1258 = DEFINITIONAL_REPRESENTATION('',(#1259),#1263);
#1259 = LINE('',#1260,#1261);
#1260 = CARTESIAN_POINT('',(2.22044604925E-16,7.));
#1261 = VECTOR('',#1262,1.);
#1262 = DIRECTION('',(1.,0.));
#1263 = ( GEOMETRIC_REPRESENTATION_CONTEXT(2) 
PARAMETRIC_REPRESENTATION_CONTEXT() REPRESENTATION_CONTEXT('2D SPACE',''
  ) );
#1264 = ORIENTED_EDGE('',*,*,#1265,.T.);
#1265 = EDGE_CURVE('',#1243,#123,#1266,.T.);
#1266 = SURFACE_CURVE('',#1267,(#1271,#1277),.PCURVE_S1.);
#1267 = LINE('',#1268,#1269);
#1268 = CARTESIAN_POINT('',(51.5,17.65644358301,2.5));
#1269 = VECTOR('',#1270,1.);
#1270 = DIRECTION('',(0.,0.,1.));
#1271 = PCURVE('',#138,#1272);
#1272 = DEFINITIONAL_REPRESENTATION('',(#1273),#1276);
#1273 = B_SPLINE_CURVE_WITH_KNOTS('',1,(#1274,#1275),.UNSPECIFIED.,.F.,
  .F.,(2,2),(-2.400000000069E-06,7.2000024),.PIECEWISE_BEZIER_KNOTS.);
#1274 = CARTESIAN_POINT('',(-2.400000000069E-06,3.65644358301));
#1275 = CARTESIAN_POINT('',(7.2000024,3.65644358301));
#1276 = ( GEOMETRIC_REPRESENTATION_CONTEXT(2) 
PARAMETRIC_REPRESENTATION_CONTEXT() REPRESENTATION_CONTEXT('2D SPACE',''
  ) );
#1277 = PCURVE('',#171,#1278);
#1278 = DEFINITIONAL_REPRESENTATION('',(#1279),#1282);
#1279 = B_SPLINE_CURVE_WITH_KNOTS('',1,(#1280,#1281),.UNSPECIFIED.,.F.,
  .F.,(2,2),(-2.400000000069E-06,7.2000024),.PIECEWISE_BEZIER_KNOTS.);
#1280 = CARTESIAN_POINT('',(1.76648737966,-2.400000000069E-06));
#1281 = CARTESIAN_POINT('',(1.76648737966,7.2000024));
#1282 = ( GEOMETRIC_REPRESENTATION_CONTEXT(2) 
PARAMETRIC_REPRESENTATION_CONTEXT() REPRESENTATION_CONTEXT('2D SPACE',''
  ) );
#1283 = ORIENTED_EDGE('',*,*,#122,.T.);
#1284 = ORIENTED_EDGE('',*,*,#1188,.F.);
#1285 = ADVANCED_FACE('',(#1286),#403,.T.);
#1286 = FACE_BOUND('',#1287,.T.);
#1287 = EDGE_LOOP('',(#1288,#1311,#1312,#1313));
#1288 = ORIENTED_EDGE('',*,*,#1289,.F.);
#1289 = EDGE_CURVE('',#969,#1290,#1292,.T.);
#1290 = VERTEX_POINT('',#1291);
#1291 = CARTESIAN_POINT('',(74.070508075689,-6.968911086754,2.5));
#1292 = SURFACE_CURVE('',#1293,(#1297,#1304),.PCURVE_S1.);
#1293 = LINE('',#1294,#1295);
#1294 = CARTESIAN_POINT('',(68.874355652982,-3.968911086754,2.5));
#1295 = VECTOR('',#1296,1.);
#1296 = DIRECTION('',(0.866025403784,-0.5,0.));
#1297 = PCURVE('',#403,#1298);
#1298 = DEFINITIONAL_REPRESENTATION('',(#1299),#1303);
#1299 = LINE('',#1300,#1301);
#1300 = CARTESIAN_POINT('',(0.,0.));
#1301 = VECTOR('',#1302,1.);
#1302 = DIRECTION('',(0.,1.));
#1303 = ( GEOMETRIC_REPRESENTATION_CONTEXT(2) 
PARAMETRIC_REPRESENTATION_CONTEXT() REPRESENTATION_CONTEXT('2D SPACE',''
  ) );
#1304 = PCURVE('',#1006,#1305);
#1305 = DEFINITIONAL_REPRESENTATION('',(#1306),#1310);
#1306 = LINE('',#1307,#1308);
#1307 = CARTESIAN_POINT('',(-17.96891108675,-10.37435565298));
#1308 = VECTOR('',#1309,1.);
#1309 = DIRECTION('',(-0.5,-0.866025403784));
#1310 = ( GEOMETRIC_REPRESENTATION_CONTEXT(2) 
PARAMETRIC_REPRESENTATION_CONTEXT() REPRESENTATION_CONTEXT('2D SPACE',''
  ) );
#1311 = ORIENTED_EDGE('',*,*,#968,.T.);
#1312 = ORIENTED_EDGE('',*,*,#387,.T.);
#1313 = ORIENTED_EDGE('',*,*,#1314,.F.);
#1314 = EDGE_CURVE('',#1290,#359,#1315,.T.);
#1315 = SURFACE_CURVE('',#1316,(#1320,#1327),.PCURVE_S1.);
#1316 = LINE('',#1317,#1318);
#1317 = CARTESIAN_POINT('',(74.070508075689,-6.968911086754,2.5));
#1318 = VECTOR('',#1319,1.);
#1319 = DIRECTION('',(0.,0.,1.));
#1320 = PCURVE('',#403,#1321);
#1321 = DEFINITIONAL_REPRESENTATION('',(#1322),#1326);
#1322 = LINE('',#1323,#1324);
#1323 = CARTESIAN_POINT('',(0.,6.));
#1324 = VECTOR('',#1325,1.);
#1325 = DIRECTION('',(1.,0.));
#1326 = ( GEOMETRIC_REPRESENTATION_CONTEXT(2) 
PARAMETRIC_REPRESENTATION_CONTEXT() REPRESENTATION_CONTEXT('2D SPACE',''
  ) );
#1327 = PCURVE('',#375,#1328);
#1328 = DEFINITIONAL_REPRESENTATION('',(#1329),#1333);
#1329 = LINE('',#1330,#1331);
#1330 = CARTESIAN_POINT('',(7.330382858376,0.));
#1331 = VECTOR('',#1332,1.);
#1332 = DIRECTION('',(0.,1.));
#1333 = ( GEOMETRIC_REPRESENTATION_CONTEXT(2) 
PARAMETRIC_REPRESENTATION_CONTEXT() REPRESENTATION_CONTEXT('2D SPACE',''
  ) );
#1334 = ADVANCED_FACE('',(#1335),#171,.T.);
#1335 = FACE_BOUND('',#1336,.T.);
#1336 = EDGE_LOOP('',(#1337,#1338,#1362,#1381));
#1337 = ORIENTED_EDGE('',*,*,#1265,.F.);
#1338 = ORIENTED_EDGE('',*,*,#1339,.T.);
#1339 = EDGE_CURVE('',#1243,#1340,#1342,.T.);
#1340 = VERTEX_POINT('',#1341);
#1341 = CARTESIAN_POINT('',(37.959071316627,-5.797132878259,2.5));
#1342 = SURFACE_CURVE('',#1343,(#1348,#1355),.PCURVE_S1.);
#1343 = CIRCLE('',#1344,18.);
#1344 = AXIS2_PLACEMENT_3D('',#1345,#1346,#1347);
#1345 = CARTESIAN_POINT('',(55.,0.,2.5));
#1346 = DIRECTION('',(0.,0.,1.));
#1347 = DIRECTION('',(-0.150948246972,0.988541666667,0.));
#1348 = PCURVE('',#171,#1349);
#1349 = DEFINITIONAL_REPRESENTATION('',(#1350),#1354);
#1350 = LINE('',#1351,#1352);
#1351 = CARTESIAN_POINT('',(1.722323767721,0.));
#1352 = VECTOR('',#1353,1.);
#1353 = DIRECTION('',(1.,0.));
#1354 = ( GEOMETRIC_REPRESENTATION_CONTEXT(2) 
PARAMETRIC_REPRESENTATION_CONTEXT() REPRESENTATION_CONTEXT('2D SPACE',''
  ) );
#1355 = PCURVE('',#1006,#1356);
#1356 = DEFINITIONAL_REPRESENTATION('',(#1357),#1361);
#1357 = CIRCLE('',#1358,18.);
#1358 = AXIS2_PLACEMENT_2D('',#1359,#1360);
#1359 = CARTESIAN_POINT('',(-14.,3.5));
#1360 = DIRECTION('',(0.988541666667,0.150948246972));
#1361 = ( GEOMETRIC_REPRESENTATION_CONTEXT(2) 
PARAMETRIC_REPRESENTATION_CONTEXT() REPRESENTATION_CONTEXT('2D SPACE',''
  ) );
#1362 = ORIENTED_EDGE('',*,*,#1363,.T.);
#1363 = EDGE_CURVE('',#1340,#151,#1364,.T.);
#1364 = SURFACE_CURVE('',#1365,(#1369,#1375),.PCURVE_S1.);
#1365 = LINE('',#1366,#1367);
#1366 = CARTESIAN_POINT('',(37.959071316627,-5.797132878259,2.5));
#1367 = VECTOR('',#1368,1.);
#1368 = DIRECTION('',(0.,0.,1.));
#1369 = PCURVE('',#171,#1370);
#1370 = DEFINITIONAL_REPRESENTATION('',(#1371),#1374);
#1371 = B_SPLINE_CURVE_WITH_KNOTS('',1,(#1372,#1373),.UNSPECIFIED.,.F.,
  .F.,(2,2),(-2.400000000069E-06,7.2000024),.PIECEWISE_BEZIER_KNOTS.);
#1372 = CARTESIAN_POINT('',(3.469500376323,-2.400000000069E-06));
#1373 = CARTESIAN_POINT('',(3.469500376323,7.2000024));
#1374 = ( GEOMETRIC_REPRESENTATION_CONTEXT(2) 
PARAMETRIC_REPRESENTATION_CONTEXT() REPRESENTATION_CONTEXT('2D SPACE',''
  ) );
#1375 = PCURVE('',#199,#1376);
#1376 = DEFINITIONAL_REPRESENTATION('',(#1377),#1380);
#1377 = B_SPLINE_CURVE_WITH_KNOTS('',1,(#1378,#1379),.UNSPECIFIED.,.F.,
  .F.,(2,2),(-2.400000000069E-06,7.2000024),.PIECEWISE_BEZIER_KNOTS.);
#1378 = CARTESIAN_POINT('',(-2.400000000069E-06,3.65644358301));
#1379 = CARTESIAN_POINT('',(7.2000024,3.65644358301));
#1380 = ( GEOMETRIC_REPRESENTATION_CONTEXT(2) 
PARAMETRIC_REPRESENTATION_CONTEXT() REPRESENTATION_CONTEXT('2D SPACE',''
  ) );
#1381 = ORIENTED_EDGE('',*,*,#150,.T.);
#1382 = ADVANCED_FACE('',(#1383),#375,.T.);
#1383 = FACE_BOUND('',#1384,.T.);
#1384 = EDGE_LOOP('',(#1385,#1386,#1409,#1431));
#1385 = ORIENTED_EDGE('',*,*,#358,.F.);
#1386 = ORIENTED_EDGE('',*,*,#1387,.F.);
#1387 = EDGE_CURVE('',#1388,#331,#1390,.T.);
#1388 = VERTEX_POINT('',#1389);
#1389 = CARTESIAN_POINT('',(70.570508075689,-13.03108891324,2.5));
#1390 = SURFACE_CURVE('',#1391,(#1395,#1402),.PCURVE_S1.);
#1391 = LINE('',#1392,#1393);
#1392 = CARTESIAN_POINT('',(70.570508075689,-13.03108891324,2.5));
#1393 = VECTOR('',#1394,1.);
#1394 = DIRECTION('',(0.,0.,1.));
#1395 = PCURVE('',#375,#1396);
#1396 = DEFINITIONAL_REPRESENTATION('',(#1397),#1401);
#1397 = LINE('',#1398,#1399);
#1398 = CARTESIAN_POINT('',(4.188790204786,0.));
#1399 = VECTOR('',#1400,1.);
#1400 = DIRECTION('',(0.,1.));
#1401 = ( GEOMETRIC_REPRESENTATION_CONTEXT(2) 
PARAMETRIC_REPRESENTATION_CONTEXT() REPRESENTATION_CONTEXT('2D SPACE',''
  ) );
#1402 = PCURVE('',#346,#1403);
#1403 = DEFINITIONAL_REPRESENTATION('',(#1404),#1408);
#1404 = LINE('',#1405,#1406);
#1405 = CARTESIAN_POINT('',(0.,6.));
#1406 = VECTOR('',#1407,1.);
#1407 = DIRECTION('',(1.,0.));
#1408 = ( GEOMETRIC_REPRESENTATION_CONTEXT(2) 
PARAMETRIC_REPRESENTATION_CONTEXT() REPRESENTATION_CONTEXT('2D SPACE',''
  ) );
#1409 = ORIENTED_EDGE('',*,*,#1410,.T.);
#1410 = EDGE_CURVE('',#1388,#1290,#1411,.T.);
#1411 = SURFACE_CURVE('',#1412,(#1417,#1424),.PCURVE_S1.);
#1412 = CIRCLE('',#1413,3.5);
#1413 = AXIS2_PLACEMENT_3D('',#1414,#1415,#1416);
#1414 = CARTESIAN_POINT('',(72.320508075689,-10.,2.5));
#1415 = DIRECTION('',(0.,0.,1.));
#1416 = DIRECTION('',(-0.934057934242,-0.357121513605,0.));
#1417 = PCURVE('',#375,#1418);
#1418 = DEFINITIONAL_REPRESENTATION('',(#1419),#1423);
#1419 = LINE('',#1420,#1421);
#1420 = CARTESIAN_POINT('',(3.506777024445,0.));
#1421 = VECTOR('',#1422,1.);
#1422 = DIRECTION('',(1.,0.));
#1423 = ( GEOMETRIC_REPRESENTATION_CONTEXT(2) 
PARAMETRIC_REPRESENTATION_CONTEXT() REPRESENTATION_CONTEXT('2D SPACE',''
  ) );
#1424 = PCURVE('',#1006,#1425);
#1425 = DEFINITIONAL_REPRESENTATION('',(#1426),#1430);
#1426 = CIRCLE('',#1427,3.5);
#1427 = AXIS2_PLACEMENT_2D('',#1428,#1429);
#1428 = CARTESIAN_POINT('',(-24.,-13.82050807568));
#1429 = DIRECTION('',(-0.357121513605,0.934057934242));
#1430 = ( GEOMETRIC_REPRESENTATION_CONTEXT(2) 
PARAMETRIC_REPRESENTATION_CONTEXT() REPRESENTATION_CONTEXT('2D SPACE',''
  ) );
#1431 = ORIENTED_EDGE('',*,*,#1314,.T.);
#1432 = ADVANCED_FACE('',(#1433),#199,.F.);
#1433 = FACE_BOUND('',#1434,.F.);
#1434 = EDGE_LOOP('',(#1435,#1458,#1459,#1460));
#1435 = ORIENTED_EDGE('',*,*,#1436,.F.);
#1436 = EDGE_CURVE('',#1340,#1437,#1439,.T.);
#1437 = VERTEX_POINT('',#1438);
#1438 = CARTESIAN_POINT('',(35.929491924311,-6.968911086754,2.5));
#1439 = SURFACE_CURVE('',#1440,(#1444,#1451),.PCURVE_S1.);
#1440 = LINE('',#1441,#1442);
#1441 = CARTESIAN_POINT('',(41.125644347018,-3.968911086754,2.5));
#1442 = VECTOR('',#1443,1.);
#1443 = DIRECTION('',(-0.866025403784,-0.5,0.));
#1444 = PCURVE('',#199,#1445);
#1445 = DEFINITIONAL_REPRESENTATION('',(#1446),#1450);
#1446 = LINE('',#1447,#1448);
#1447 = CARTESIAN_POINT('',(0.,0.));
#1448 = VECTOR('',#1449,1.);
#1449 = DIRECTION('',(0.,1.));
#1450 = ( GEOMETRIC_REPRESENTATION_CONTEXT(2) 
PARAMETRIC_REPRESENTATION_CONTEXT() REPRESENTATION_CONTEXT('2D SPACE',''
  ) );
#1451 = PCURVE('',#1006,#1452);
#1452 = DEFINITIONAL_REPRESENTATION('',(#1453),#1457);
#1453 = LINE('',#1454,#1455);
#1454 = CARTESIAN_POINT('',(-17.96891108675,17.374355652982));
#1455 = VECTOR('',#1456,1.);
#1456 = DIRECTION('',(-0.5,0.866025403784));
#1457 = ( GEOMETRIC_REPRESENTATION_CONTEXT(2) 
PARAMETRIC_REPRESENTATION_CONTEXT() REPRESENTATION_CONTEXT('2D SPACE',''
  ) );
#1458 = ORIENTED_EDGE('',*,*,#1363,.T.);
#1459 = ORIENTED_EDGE('',*,*,#183,.T.);
#1460 = ORIENTED_EDGE('',*,*,#1461,.F.);
#1461 = EDGE_CURVE('',#1437,#184,#1462,.T.);
#1462 = SURFACE_CURVE('',#1463,(#1467,#1474),.PCURVE_S1.);
#1463 = LINE('',#1464,#1465);
#1464 = CARTESIAN_POINT('',(35.929491924311,-6.968911086754,2.5));
#1465 = VECTOR('',#1466,1.);
#1466 = DIRECTION('',(0.,-0.,1.));
#1467 = PCURVE('',#199,#1468);
#1468 = DEFINITIONAL_REPRESENTATION('',(#1469),#1473);
#1469 = LINE('',#1470,#1471);
#1470 = CARTESIAN_POINT('',(0.,6.));
#1471 = VECTOR('',#1472,1.);
#1472 = DIRECTION('',(1.,0.));
#1473 = ( GEOMETRIC_REPRESENTATION_CONTEXT(2) 
PARAMETRIC_REPRESENTATION_CONTEXT() REPRESENTATION_CONTEXT('2D SPACE',''
  ) );
#1474 = PCURVE('',#228,#1475);
#1475 = DEFINITIONAL_REPRESENTATION('',(#1476),#1480);
#1476 = LINE('',#1477,#1478);
#1477 = CARTESIAN_POINT('',(2.094395102393,0.));
#1478 = VECTOR('',#1479,1.);
#1479 = DIRECTION('',(0.,1.));
#1480 = ( GEOMETRIC_REPRESENTATION_CONTEXT(2) 
PARAMETRIC_REPRESENTATION_CONTEXT() REPRESENTATION_CONTEXT('2D SPACE',''
  ) );
#1481 = ADVANCED_FACE('',(#1482),#346,.F.);
#1482 = FACE_BOUND('',#1483,.F.);
#1483 = EDGE_LOOP('',(#1484,#1507,#1528,#1554,#1573,#1574));
#1484 = ORIENTED_EDGE('',*,*,#1485,.F.);
#1485 = EDGE_CURVE('',#1486,#1388,#1488,.T.);
#1486 = VERTEX_POINT('',#1487);
#1487 = CARTESIAN_POINT('',(68.540928683373,-11.85931070475,2.5));
#1488 = SURFACE_CURVE('',#1489,(#1493,#1500),.PCURVE_S1.);
#1489 = LINE('',#1490,#1491);
#1490 = CARTESIAN_POINT('',(65.374355652982,-10.03108891324,2.5));
#1491 = VECTOR('',#1492,1.);
#1492 = DIRECTION('',(0.866025403784,-0.5,0.));
#1493 = PCURVE('',#346,#1494);
#1494 = DEFINITIONAL_REPRESENTATION('',(#1495),#1499);
#1495 = LINE('',#1496,#1497);
#1496 = CARTESIAN_POINT('',(0.,0.));
#1497 = VECTOR('',#1498,1.);
#1498 = DIRECTION('',(0.,1.));
#1499 = ( GEOMETRIC_REPRESENTATION_CONTEXT(2) 
PARAMETRIC_REPRESENTATION_CONTEXT() REPRESENTATION_CONTEXT('2D SPACE',''
  ) );
#1500 = PCURVE('',#1006,#1501);
#1501 = DEFINITIONAL_REPRESENTATION('',(#1502),#1506);
#1502 = LINE('',#1503,#1504);
#1503 = CARTESIAN_POINT('',(-24.03108891324,-6.874355652982));
#1504 = VECTOR('',#1505,1.);
#1505 = DIRECTION('',(-0.5,-0.866025403784));
#1506 = ( GEOMETRIC_REPRESENTATION_CONTEXT(2) 
PARAMETRIC_REPRESENTATION_CONTEXT() REPRESENTATION_CONTEXT('2D SPACE',''
  ) );
#1507 = ORIENTED_EDGE('',*,*,#1508,.T.);
#1508 = EDGE_CURVE('',#1486,#1509,#1511,.T.);
#1509 = VERTEX_POINT('',#1510);
#1510 = CARTESIAN_POINT('',(68.540928683373,-11.85931070475,4.7));
#1511 = SURFACE_CURVE('',#1512,(#1516,#1522),.PCURVE_S1.);
#1512 = LINE('',#1513,#1514);
#1513 = CARTESIAN_POINT('',(68.540928683373,-11.85931070475,2.5));
#1514 = VECTOR('',#1515,1.);
#1515 = DIRECTION('',(0.,0.,1.));
#1516 = PCURVE('',#346,#1517);
#1517 = DEFINITIONAL_REPRESENTATION('',(#1518),#1521);
#1518 = B_SPLINE_CURVE_WITH_KNOTS('',1,(#1519,#1520),.UNSPECIFIED.,.F.,
  .F.,(2,2),(-2.400000000069E-06,7.2000024),.PIECEWISE_BEZIER_KNOTS.);
#1519 = CARTESIAN_POINT('',(-2.400000000069E-06,3.65644358301));
#1520 = CARTESIAN_POINT('',(7.2000024,3.65644358301));
#1521 = ( GEOMETRIC_REPRESENTATION_CONTEXT(2) 
PARAMETRIC_REPRESENTATION_CONTEXT() REPRESENTATION_CONTEXT('2D SPACE',''
  ) );
#1522 = PCURVE('',#289,#1523);
#1523 = DEFINITIONAL_REPRESENTATION('',(#1524),#1527);
#1524 = B_SPLINE_CURVE_WITH_KNOTS('',1,(#1525,#1526),.UNSPECIFIED.,.F.,
  .F.,(2,2),(-2.400000000069E-06,7.2000024),.PIECEWISE_BEZIER_KNOTS.);
#1525 = CARTESIAN_POINT('',(5.563895478716,-2.400000000069E-06));
#1526 = CARTESIAN_POINT('',(5.563895478716,7.2000024));
#1527 = ( GEOMETRIC_REPRESENTATION_CONTEXT(2) 
PARAMETRIC_REPRESENTATION_CONTEXT() REPRESENTATION_CONTEXT('2D SPACE',''
  ) );
#1528 = ORIENTED_EDGE('',*,*,#1529,.T.);
#1529 = EDGE_CURVE('',#1509,#1530,#1532,.T.);
#1530 = VERTEX_POINT('',#1531);
#1531 = CARTESIAN_POINT('',(68.749885158791,-11.97995178208,4.7));
#1532 = SURFACE_CURVE('',#1533,(#1537,#1543),.PCURVE_S1.);
#1533 = LINE('',#1534,#1535);
#1534 = CARTESIAN_POINT('',(66.410254037844,-10.62916512459,4.7));
#1535 = VECTOR('',#1536,1.);
#1536 = DIRECTION('',(0.866025403784,-0.5,0.));
#1537 = PCURVE('',#346,#1538);
#1538 = DEFINITIONAL_REPRESENTATION('',(#1539),#1542);
#1539 = B_SPLINE_CURVE_WITH_KNOTS('',1,(#1540,#1541),.UNSPECIFIED.,.F.,
  .F.,(2,2),(2.460291160303,2.701705922172),.PIECEWISE_BEZIER_KNOTS.);
#1540 = CARTESIAN_POINT('',(2.2,3.656443583009));
#1541 = CARTESIAN_POINT('',(2.2,3.897858344878));
#1542 = ( GEOMETRIC_REPRESENTATION_CONTEXT(2) 
PARAMETRIC_REPRESENTATION_CONTEXT() REPRESENTATION_CONTEXT('2D SPACE',''
  ) );
#1543 = PCURVE('',#1544,#1549);
#1544 = PLANE('',#1545);
#1545 = AXIS2_PLACEMENT_3D('',#1546,#1547,#1548);
#1546 = CARTESIAN_POINT('',(67.,-12.,4.7));
#1547 = DIRECTION('',(0.,0.,1.));
#1548 = DIRECTION('',(1.,0.,-0.));
#1549 = DEFINITIONAL_REPRESENTATION('',(#1550),#1553);
#1550 = B_SPLINE_CURVE_WITH_KNOTS('',1,(#1551,#1552),.UNSPECIFIED.,.F.,
  .F.,(2,2),(2.460291160303,2.701705922172),.PIECEWISE_BEZIER_KNOTS.);
#1551 = CARTESIAN_POINT('',(1.540928683373,0.14068929525));
#1552 = CARTESIAN_POINT('',(1.75,1.998191431525E-02));
#1553 = ( GEOMETRIC_REPRESENTATION_CONTEXT(2) 
PARAMETRIC_REPRESENTATION_CONTEXT() REPRESENTATION_CONTEXT('2D SPACE',''
  ) );
#1554 = ORIENTED_EDGE('',*,*,#1555,.T.);
#1555 = EDGE_CURVE('',#1530,#302,#1556,.T.);
#1556 = SURFACE_CURVE('',#1557,(#1561,#1567),.PCURVE_S1.);
#1557 = LINE('',#1558,#1559);
#1558 = CARTESIAN_POINT('',(68.749885158791,-11.97995178208,4.7));
#1559 = VECTOR('',#1560,1.);
#1560 = DIRECTION('',(0.,0.,1.));
#1561 = PCURVE('',#346,#1562);
#1562 = DEFINITIONAL_REPRESENTATION('',(#1563),#1566);
#1563 = B_SPLINE_CURVE_WITH_KNOTS('',1,(#1564,#1565),.UNSPECIFIED.,.F.,
  .F.,(2,2),(-5.999999999062E-07,5.1000006),.PIECEWISE_BEZIER_KNOTS.);
#1564 = CARTESIAN_POINT('',(2.1999994,3.897725737673));
#1565 = CARTESIAN_POINT('',(7.3000006,3.897725737673));
#1566 = ( GEOMETRIC_REPRESENTATION_CONTEXT(2) 
PARAMETRIC_REPRESENTATION_CONTEXT() REPRESENTATION_CONTEXT('2D SPACE',''
  ) );
#1567 = PCURVE('',#318,#1568);
#1568 = DEFINITIONAL_REPRESENTATION('',(#1569),#1572);
#1569 = B_SPLINE_CURVE_WITH_KNOTS('',1,(#1570,#1571),.UNSPECIFIED.,.F.,
  .F.,(2,2),(-5.999999999062E-07,5.1000006),.PIECEWISE_BEZIER_KNOTS.);
#1570 = CARTESIAN_POINT('',(1.145637512831E-02,-5.999999999062E-07));
#1571 = CARTESIAN_POINT('',(1.145637512831E-02,5.1000006));
#1572 = ( GEOMETRIC_REPRESENTATION_CONTEXT(2) 
PARAMETRIC_REPRESENTATION_CONTEXT() REPRESENTATION_CONTEXT('2D SPACE',''
  ) );
#1573 = ORIENTED_EDGE('',*,*,#330,.T.);
#1574 = ORIENTED_EDGE('',*,*,#1387,.F.);
#1575 = ADVANCED_FACE('',(#1576),#228,.T.);
#1576 = FACE_BOUND('',#1577,.T.);
#1577 = EDGE_LOOP('',(#1578,#1579,#1580,#1604));
#1578 = ORIENTED_EDGE('',*,*,#211,.F.);
#1579 = ORIENTED_EDGE('',*,*,#1461,.F.);
#1580 = ORIENTED_EDGE('',*,*,#1581,.T.);
#1581 = EDGE_CURVE('',#1437,#1582,#1584,.T.);
#1582 = VERTEX_POINT('',#1583);
#1583 = CARTESIAN_POINT('',(39.429491924311,-13.03108891324,2.5));
#1584 = SURFACE_CURVE('',#1585,(#1590,#1597),.PCURVE_S1.);
#1585 = CIRCLE('',#1586,3.5);
#1586 = AXIS2_PLACEMENT_3D('',#1587,#1588,#1589);
#1587 = CARTESIAN_POINT('',(37.679491924311,-10.,2.5));
#1588 = DIRECTION('',(0.,0.,1.));
#1589 = DIRECTION('',(1.,0.,-0.));
#1590 = PCURVE('',#228,#1591);
#1591 = DEFINITIONAL_REPRESENTATION('',(#1592),#1596);
#1592 = LINE('',#1593,#1594);
#1593 = CARTESIAN_POINT('',(0.,0.));
#1594 = VECTOR('',#1595,1.);
#1595 = DIRECTION('',(1.,0.));
#1596 = ( GEOMETRIC_REPRESENTATION_CONTEXT(2) 
PARAMETRIC_REPRESENTATION_CONTEXT() REPRESENTATION_CONTEXT('2D SPACE',''
  ) );
#1597 = PCURVE('',#1006,#1598);
#1598 = DEFINITIONAL_REPRESENTATION('',(#1599),#1603);
#1599 = CIRCLE('',#1600,3.5);
#1600 = AXIS2_PLACEMENT_2D('',#1601,#1602);
#1601 = CARTESIAN_POINT('',(-24.,20.820508075689));
#1602 = DIRECTION('',(2.22044604925E-16,-1.));
#1603 = ( GEOMETRIC_REPRESENTATION_CONTEXT(2) 
PARAMETRIC_REPRESENTATION_CONTEXT() REPRESENTATION_CONTEXT('2D SPACE',''
  ) );
#1604 = ORIENTED_EDGE('',*,*,#1605,.T.);
#1605 = EDGE_CURVE('',#1582,#212,#1606,.T.);
#1606 = SURFACE_CURVE('',#1607,(#1611,#1618),.PCURVE_S1.);
#1607 = LINE('',#1608,#1609);
#1608 = CARTESIAN_POINT('',(39.429491924311,-13.03108891324,2.5));
#1609 = VECTOR('',#1610,1.);
#1610 = DIRECTION('',(0.,-0.,1.));
#1611 = PCURVE('',#228,#1612);
#1612 = DEFINITIONAL_REPRESENTATION('',(#1613),#1617);
#1613 = LINE('',#1614,#1615);
#1614 = CARTESIAN_POINT('',(5.235987755983,0.));
#1615 = VECTOR('',#1616,1.);
#1616 = DIRECTION('',(0.,1.));
#1617 = ( GEOMETRIC_REPRESENTATION_CONTEXT(2) 
PARAMETRIC_REPRESENTATION_CONTEXT() REPRESENTATION_CONTEXT('2D SPACE',''
  ) );
#1618 = PCURVE('',#256,#1619);
#1619 = DEFINITIONAL_REPRESENTATION('',(#1620),#1624);
#1620 = LINE('',#1621,#1622);
#1621 = CARTESIAN_POINT('',(0.,6.));
#1622 = VECTOR('',#1623,1.);
#1623 = DIRECTION('',(1.,0.));
#1624 = ( GEOMETRIC_REPRESENTATION_CONTEXT(2) 
PARAMETRIC_REPRESENTATION_CONTEXT() REPRESENTATION_CONTEXT('2D SPACE',''
  ) );
#1625 = ADVANCED_FACE('',(#1626),#318,.F.);
#1626 = FACE_BOUND('',#1627,.F.);
#1627 = EDGE_LOOP('',(#1628,#1629,#1653,#1672));
#1628 = ORIENTED_EDGE('',*,*,#1555,.F.);
#1629 = ORIENTED_EDGE('',*,*,#1630,.T.);
#1630 = EDGE_CURVE('',#1530,#1631,#1633,.T.);
#1631 = VERTEX_POINT('',#1632);
#1632 = CARTESIAN_POINT('',(66.656449200153,-13.71594663318,4.7));
#1633 = SURFACE_CURVE('',#1634,(#1639,#1646),.PCURVE_S1.);
#1634 = CIRCLE('',#1635,1.75);
#1635 = AXIS2_PLACEMENT_3D('',#1636,#1637,#1638);
#1636 = CARTESIAN_POINT('',(67.,-12.,4.7));
#1637 = DIRECTION('',(0.,0.,1.));
#1638 = DIRECTION('',(1.,0.,-0.));
#1639 = PCURVE('',#318,#1640);
#1640 = DEFINITIONAL_REPRESENTATION('',(#1641),#1645);
#1641 = LINE('',#1642,#1643);
#1642 = CARTESIAN_POINT('',(0.,0.));
#1643 = VECTOR('',#1644,1.);
#1644 = DIRECTION('',(1.,0.));
#1645 = ( GEOMETRIC_REPRESENTATION_CONTEXT(2) 
PARAMETRIC_REPRESENTATION_CONTEXT() REPRESENTATION_CONTEXT('2D SPACE',''
  ) );
#1646 = PCURVE('',#1544,#1647);
#1647 = DEFINITIONAL_REPRESENTATION('',(#1648),#1652);
#1648 = CIRCLE('',#1649,1.75);
#1649 = AXIS2_PLACEMENT_2D('',#1650,#1651);
#1650 = CARTESIAN_POINT('',(0.,0.));
#1651 = DIRECTION('',(1.,0.));
#1652 = ( GEOMETRIC_REPRESENTATION_CONTEXT(2) 
PARAMETRIC_REPRESENTATION_CONTEXT() REPRESENTATION_CONTEXT('2D SPACE',''
  ) );
#1653 = ORIENTED_EDGE('',*,*,#1654,.T.);
#1654 = EDGE_CURVE('',#1631,#269,#1655,.T.);
#1655 = SURFACE_CURVE('',#1656,(#1660,#1666),.PCURVE_S1.);
#1656 = LINE('',#1657,#1658);
#1657 = CARTESIAN_POINT('',(66.656449200153,-13.71594663318,2.5));
#1658 = VECTOR('',#1659,1.);
#1659 = DIRECTION('',(0.,0.,1.));
#1660 = PCURVE('',#318,#1661);
#1661 = DEFINITIONAL_REPRESENTATION('',(#1662),#1665);
#1662 = B_SPLINE_CURVE_WITH_KNOTS('',1,(#1663,#1664),.UNSPECIFIED.,.F.,
  .F.,(2,2),(2.1999994,7.2000006),.PIECEWISE_BEZIER_KNOTS.);
#1663 = CARTESIAN_POINT('',(4.514790875593,-5.999999999062E-07));
#1664 = CARTESIAN_POINT('',(4.514790875593,5.0000006));
#1665 = ( GEOMETRIC_REPRESENTATION_CONTEXT(2) 
PARAMETRIC_REPRESENTATION_CONTEXT() REPRESENTATION_CONTEXT('2D SPACE',''
  ) );
#1666 = PCURVE('',#289,#1667);
#1667 = DEFINITIONAL_REPRESENTATION('',(#1668),#1671);
#1668 = B_SPLINE_CURVE_WITH_KNOTS('',1,(#1669,#1670),.UNSPECIFIED.,.F.,
  .F.,(2,2),(2.1999994,7.2000006),.PIECEWISE_BEZIER_KNOTS.);
#1669 = CARTESIAN_POINT('',(5.416793921514,2.1999994));
#1670 = CARTESIAN_POINT('',(5.416793921514,7.2000006));
#1671 = ( GEOMETRIC_REPRESENTATION_CONTEXT(2) 
PARAMETRIC_REPRESENTATION_CONTEXT() REPRESENTATION_CONTEXT('2D SPACE',''
  ) );
#1672 = ORIENTED_EDGE('',*,*,#301,.F.);
#1673 = ADVANCED_FACE('',(#1674),#256,.T.);
#1674 = FACE_BOUND('',#1675,.T.);
#1675 = EDGE_LOOP('',(#1676,#1699,#1718,#1719));
#1676 = ORIENTED_EDGE('',*,*,#1677,.F.);
#1677 = EDGE_CURVE('',#1678,#1582,#1680,.T.);
#1678 = VERTEX_POINT('',#1679);
#1679 = CARTESIAN_POINT('',(41.459071316627,-11.85931070475,2.5));
#1680 = SURFACE_CURVE('',#1681,(#1685,#1692),.PCURVE_S1.);
#1681 = LINE('',#1682,#1683);
#1682 = CARTESIAN_POINT('',(44.625644347018,-10.03108891324,2.5));
#1683 = VECTOR('',#1684,1.);
#1684 = DIRECTION('',(-0.866025403784,-0.5,0.));
#1685 = PCURVE('',#256,#1686);
#1686 = DEFINITIONAL_REPRESENTATION('',(#1687),#1691);
#1687 = LINE('',#1688,#1689);
#1688 = CARTESIAN_POINT('',(0.,0.));
#1689 = VECTOR('',#1690,1.);
#1690 = DIRECTION('',(0.,1.));
#1691 = ( GEOMETRIC_REPRESENTATION_CONTEXT(2) 
PARAMETRIC_REPRESENTATION_CONTEXT() REPRESENTATION_CONTEXT('2D SPACE',''
  ) );
#1692 = PCURVE('',#1006,#1693);
#1693 = DEFINITIONAL_REPRESENTATION('',(#1694),#1698);
#1694 = LINE('',#1695,#1696);
#1695 = CARTESIAN_POINT('',(-24.03108891324,13.874355652982));
#1696 = VECTOR('',#1697,1.);
#1697 = DIRECTION('',(-0.5,0.866025403784));
#1698 = ( GEOMETRIC_REPRESENTATION_CONTEXT(2) 
PARAMETRIC_REPRESENTATION_CONTEXT() REPRESENTATION_CONTEXT('2D SPACE',''
  ) );
#1699 = ORIENTED_EDGE('',*,*,#1700,.T.);
#1700 = EDGE_CURVE('',#1678,#241,#1701,.T.);
#1701 = SURFACE_CURVE('',#1702,(#1706,#1712),.PCURVE_S1.);
#1702 = LINE('',#1703,#1704);
#1703 = CARTESIAN_POINT('',(41.459071316627,-11.85931070475,2.5));
#1704 = VECTOR('',#1705,1.);
#1705 = DIRECTION('',(0.,0.,1.));
#1706 = PCURVE('',#256,#1707);
#1707 = DEFINITIONAL_REPRESENTATION('',(#1708),#1711);
#1708 = B_SPLINE_CURVE_WITH_KNOTS('',1,(#1709,#1710),.UNSPECIFIED.,.F.,
  .F.,(2,2),(-2.400000000069E-06,7.2000024),.PIECEWISE_BEZIER_KNOTS.);
#1709 = CARTESIAN_POINT('',(-2.400000000069E-06,3.65644358301));
#1710 = CARTESIAN_POINT('',(7.2000024,3.65644358301));
#1711 = ( GEOMETRIC_REPRESENTATION_CONTEXT(2) 
PARAMETRIC_REPRESENTATION_CONTEXT() REPRESENTATION_CONTEXT('2D SPACE',''
  ) );
#1712 = PCURVE('',#289,#1713);
#1713 = DEFINITIONAL_REPRESENTATION('',(#1714),#1717);
#1714 = B_SPLINE_CURVE_WITH_KNOTS('',1,(#1715,#1716),.UNSPECIFIED.,.F.,
  .F.,(2,2),(-2.400000000069E-06,7.2000024),.PIECEWISE_BEZIER_KNOTS.);
#1715 = CARTESIAN_POINT('',(3.860882482053,-2.400000000069E-06));
#1716 = CARTESIAN_POINT('',(3.860882482053,7.2000024));
#1717 = ( GEOMETRIC_REPRESENTATION_CONTEXT(2) 
PARAMETRIC_REPRESENTATION_CONTEXT() REPRESENTATION_CONTEXT('2D SPACE',''
  ) );
#1718 = ORIENTED_EDGE('',*,*,#240,.T.);
#1719 = ORIENTED_EDGE('',*,*,#1605,.F.);
#1720 = ADVANCED_FACE('',(#1721),#289,.T.);
#1721 = FACE_BOUND('',#1722,.T.);
#1722 = EDGE_LOOP('',(#1723,#1724,#1746,#1747,#1769,#1770));
#1723 = ORIENTED_EDGE('',*,*,#1700,.F.);
#1724 = ORIENTED_EDGE('',*,*,#1725,.T.);
#1725 = EDGE_CURVE('',#1678,#1486,#1726,.T.);
#1726 = SURFACE_CURVE('',#1727,(#1732,#1739),.PCURVE_S1.);
#1727 = CIRCLE('',#1728,18.);
#1728 = AXIS2_PLACEMENT_3D('',#1729,#1730,#1731);
#1729 = CARTESIAN_POINT('',(55.,0.,2.5));
#1730 = DIRECTION('',(0.,0.,1.));
#1731 = DIRECTION('',(-0.150948246972,0.988541666667,0.));
#1732 = PCURVE('',#289,#1733);
#1733 = DEFINITIONAL_REPRESENTATION('',(#1734),#1738);
#1734 = LINE('',#1735,#1736);
#1735 = CARTESIAN_POINT('',(1.722323767721,0.));
#1736 = VECTOR('',#1737,1.);
#1737 = DIRECTION('',(1.,0.));
#1738 = ( GEOMETRIC_REPRESENTATION_CONTEXT(2) 
PARAMETRIC_REPRESENTATION_CONTEXT() REPRESENTATION_CONTEXT('2D SPACE',''
  ) );
#1739 = PCURVE('',#1006,#1740);
#1740 = DEFINITIONAL_REPRESENTATION('',(#1741),#1745);
#1741 = CIRCLE('',#1742,18.);
#1742 = AXIS2_PLACEMENT_2D('',#1743,#1744);
#1743 = CARTESIAN_POINT('',(-14.,3.5));
#1744 = DIRECTION('',(0.988541666667,0.150948246972));
#1745 = ( GEOMETRIC_REPRESENTATION_CONTEXT(2) 
PARAMETRIC_REPRESENTATION_CONTEXT() REPRESENTATION_CONTEXT('2D SPACE',''
  ) );
#1746 = ORIENTED_EDGE('',*,*,#1508,.T.);
#1747 = ORIENTED_EDGE('',*,*,#1748,.F.);
#1748 = EDGE_CURVE('',#1631,#1509,#1749,.T.);
#1749 = SURFACE_CURVE('',#1750,(#1755,#1762),.PCURVE_S1.);
#1750 = CIRCLE('',#1751,18.);
#1751 = AXIS2_PLACEMENT_3D('',#1752,#1753,#1754);
#1752 = CARTESIAN_POINT('',(55.,0.,4.7));
#1753 = DIRECTION('',(0.,0.,1.));
#1754 = DIRECTION('',(1.,0.,-0.));
#1755 = PCURVE('',#289,#1756);
#1756 = DEFINITIONAL_REPRESENTATION('',(#1757),#1761);
#1757 = LINE('',#1758,#1759);
#1758 = CARTESIAN_POINT('',(0.,2.2));
#1759 = VECTOR('',#1760,1.);
#1760 = DIRECTION('',(1.,0.));
#1761 = ( GEOMETRIC_REPRESENTATION_CONTEXT(2) 
PARAMETRIC_REPRESENTATION_CONTEXT() REPRESENTATION_CONTEXT('2D SPACE',''
  ) );
#1762 = PCURVE('',#1544,#1763);
#1763 = DEFINITIONAL_REPRESENTATION('',(#1764),#1768);
#1764 = CIRCLE('',#1765,18.);
#1765 = AXIS2_PLACEMENT_2D('',#1766,#1767);
#1766 = CARTESIAN_POINT('',(-12.,12.));
#1767 = DIRECTION('',(1.,0.));
#1768 = ( GEOMETRIC_REPRESENTATION_CONTEXT(2) 
PARAMETRIC_REPRESENTATION_CONTEXT() REPRESENTATION_CONTEXT('2D SPACE',''
  ) );
#1769 = ORIENTED_EDGE('',*,*,#1654,.T.);
#1770 = ORIENTED_EDGE('',*,*,#268,.T.);
#1771 = ADVANCED_FACE('',(#1772),#489,.F.);
#1772 = FACE_BOUND('',#1773,.F.);
#1773 = EDGE_LOOP('',(#1774,#1775,#1798,#1826,#1855,#1881));
#1774 = ORIENTED_EDGE('',*,*,#472,.F.);
#1775 = ORIENTED_EDGE('',*,*,#1776,.F.);
#1776 = EDGE_CURVE('',#1777,#473,#1779,.T.);
#1777 = VERTEX_POINT('',#1778);
#1778 = CARTESIAN_POINT('',(50.497204741015,-10.87070938283,2.5));
#1779 = SEAM_CURVE('',#1780,(#1784,#1791),.PCURVE_S1.);
#1780 = LINE('',#1781,#1782);
#1781 = CARTESIAN_POINT('',(50.561811645788,-10.7147345171,
    2.103258951456));
#1782 = VECTOR('',#1783,1.);
#1783 = DIRECTION('',(-0.149841674157,-0.361749801959,0.920154635629));
#1784 = PCURVE('',#489,#1785);
#1785 = DEFINITIONAL_REPRESENTATION('',(#1786),#1790);
#1786 = LINE('',#1787,#1788);
#1787 = CARTESIAN_POINT('',(6.28318530718,-0.));
#1788 = VECTOR('',#1789,1.);
#1789 = DIRECTION('',(0.,1.));
#1790 = ( GEOMETRIC_REPRESENTATION_CONTEXT(2) 
PARAMETRIC_REPRESENTATION_CONTEXT() REPRESENTATION_CONTEXT('2D SPACE',''
  ) );
#1791 = PCURVE('',#489,#1792);
#1792 = DEFINITIONAL_REPRESENTATION('',(#1793),#1797);
#1793 = LINE('',#1794,#1795);
#1794 = CARTESIAN_POINT('',(0.,-0.));
#1795 = VECTOR('',#1796,1.);
#1796 = DIRECTION('',(0.,1.));
#1797 = ( GEOMETRIC_REPRESENTATION_CONTEXT(2) 
PARAMETRIC_REPRESENTATION_CONTEXT() REPRESENTATION_CONTEXT('2D SPACE',''
  ) );
#1798 = ORIENTED_EDGE('',*,*,#1799,.T.);
#1799 = EDGE_CURVE('',#1777,#1800,#1802,.T.);
#1800 = VERTEX_POINT('',#1801);
#1801 = CARTESIAN_POINT('',(52.910309314039,-10.67835497376,2.5));
#1802 = SURFACE_CURVE('',#1803,(#1808,#1819),.PCURVE_S1.);
#1803 = ELLIPSE('',#1804,3.042966792301,2.8);
#1804 = AXIS2_PLACEMENT_3D('',#1805,#1806,#1807);
#1805 = CARTESIAN_POINT('',(51.661697717666,-8.059374645311,2.5));
#1806 = DIRECTION('',(0.,0.,1.));
#1807 = DIRECTION('',(-0.382683432365,-0.923879532511,0.));
#1808 = PCURVE('',#489,#1809);
#1809 = DEFINITIONAL_REPRESENTATION('',(#1810),#1818);
#1810 = B_SPLINE_CURVE_WITH_KNOTS('',6,(#1811,#1812,#1813,#1814,#1815,
    #1816,#1817),.UNSPECIFIED.,.F.,.F.,(7,7),(1.720845688169E-15,
    0.878733826076),.PIECEWISE_BEZIER_KNOTS.);
#1811 = CARTESIAN_POINT('',(2.537652627715E-15,0.431167798522));
#1812 = CARTESIAN_POINT('',(0.146455637679,0.431167798522));
#1813 = CARTESIAN_POINT('',(0.292911275359,0.400500143113));
#1814 = CARTESIAN_POINT('',(0.439366913038,0.339163328902));
#1815 = CARTESIAN_POINT('',(0.585822550718,0.249135779761));
#1816 = CARTESIAN_POINT('',(0.732278188397,0.134352707093));
#1817 = CARTESIAN_POINT('',(0.878733826076,-5.999999941331E-07));
#1818 = ( GEOMETRIC_REPRESENTATION_CONTEXT(2) 
PARAMETRIC_REPRESENTATION_CONTEXT() REPRESENTATION_CONTEXT('2D SPACE',''
  ) );
#1819 = PCURVE('',#1006,#1820);
#1820 = DEFINITIONAL_REPRESENTATION('',(#1821),#1825);
#1821 = ELLIPSE('',#1822,3.042966792301,2.8);
#1822 = AXIS2_PLACEMENT_2D('',#1823,#1824);
#1823 = CARTESIAN_POINT('',(-22.05937464531,6.838302282334));
#1824 = DIRECTION('',(-0.923879532511,0.382683432365));
#1825 = ( GEOMETRIC_REPRESENTATION_CONTEXT(2) 
PARAMETRIC_REPRESENTATION_CONTEXT() REPRESENTATION_CONTEXT('2D SPACE',''
  ) );
#1826 = ORIENTED_EDGE('',*,*,#1827,.T.);
#1827 = EDGE_CURVE('',#1800,#1828,#1830,.T.);
#1828 = VERTEX_POINT('',#1829);
#1829 = CARTESIAN_POINT('',(48.926897240758,-9.028371668494,2.5));
#1830 = SURFACE_CURVE('',#1831,(#1836,#1843),.PCURVE_S1.);
#1831 = CIRCLE('',#1832,2.8);
#1832 = AXIS2_PLACEMENT_3D('',#1833,#1834,#1835);
#1833 = CARTESIAN_POINT('',(51.547769861742,-8.334420820216,
    3.199613410929));
#1834 = DIRECTION('',(-0.149841674157,-0.361749801959,0.920154635629));
#1835 = DIRECTION('',(-0.352127934269,-0.850112034603,-0.391555164097));
#1836 = PCURVE('',#489,#1837);
#1837 = DEFINITIONAL_REPRESENTATION('',(#1838),#1842);
#1838 = LINE('',#1839,#1840);
#1839 = CARTESIAN_POINT('',(0.,0.));
#1840 = VECTOR('',#1841,1.);
#1841 = DIRECTION('',(1.,0.));
#1842 = ( GEOMETRIC_REPRESENTATION_CONTEXT(2) 
PARAMETRIC_REPRESENTATION_CONTEXT() REPRESENTATION_CONTEXT('2D SPACE',''
  ) );
#1843 = PCURVE('',#1844,#1849);
#1844 = PLANE('',#1845);
#1845 = AXIS2_PLACEMENT_3D('',#1846,#1847,#1848);
#1846 = CARTESIAN_POINT('',(51.547769861742,-8.334420820216,
    3.199613410929));
#1847 = DIRECTION('',(-0.149841674157,-0.361749801959,0.920154635629));
#1848 = DIRECTION('',(-0.352127934269,-0.850112034603,-0.391555164097));
#1849 = DEFINITIONAL_REPRESENTATION('',(#1850),#1854);
#1850 = CIRCLE('',#1851,2.8);
#1851 = AXIS2_PLACEMENT_2D('',#1852,#1853);
#1852 = CARTESIAN_POINT('',(0.,0.));
#1853 = DIRECTION('',(1.,0.));
#1854 = ( GEOMETRIC_REPRESENTATION_CONTEXT(2) 
PARAMETRIC_REPRESENTATION_CONTEXT() REPRESENTATION_CONTEXT('2D SPACE',''
  ) );
#1855 = ORIENTED_EDGE('',*,*,#1856,.T.);
#1856 = EDGE_CURVE('',#1828,#1777,#1857,.T.);
#1857 = SURFACE_CURVE('',#1858,(#1863,#1874),.PCURVE_S1.);
#1858 = ELLIPSE('',#1859,3.042966792301,2.8);
#1859 = AXIS2_PLACEMENT_3D('',#1860,#1861,#1862);
#1860 = CARTESIAN_POINT('',(51.661697717666,-8.059374645311,2.5));
#1861 = DIRECTION('',(0.,0.,1.));
#1862 = DIRECTION('',(-0.382683432365,-0.923879532511,0.));
#1863 = PCURVE('',#489,#1864);
#1864 = DEFINITIONAL_REPRESENTATION('',(#1865),#1873);
#1865 = B_SPLINE_CURVE_WITH_KNOTS('',6,(#1866,#1867,#1868,#1869,#1870,
    #1871,#1872),.UNSPECIFIED.,.F.,.F.,(7,7),(5.404451481103,
    6.28318530718),.PIECEWISE_BEZIER_KNOTS.);
#1866 = CARTESIAN_POINT('',(5.404451481103,-5.999999923567E-07));
#1867 = CARTESIAN_POINT('',(5.550907118783,0.134352707093));
#1868 = CARTESIAN_POINT('',(5.697362756462,0.249135779761));
#1869 = CARTESIAN_POINT('',(5.843818394141,0.339163328902));
#1870 = CARTESIAN_POINT('',(5.990274031821,0.400500143113));
#1871 = CARTESIAN_POINT('',(6.1367296695,0.431167798522));
#1872 = CARTESIAN_POINT('',(6.28318530718,0.431167798522));
#1873 = ( GEOMETRIC_REPRESENTATION_CONTEXT(2) 
PARAMETRIC_REPRESENTATION_CONTEXT() REPRESENTATION_CONTEXT('2D SPACE',''
  ) );
#1874 = PCURVE('',#1006,#1875);
#1875 = DEFINITIONAL_REPRESENTATION('',(#1876),#1880);
#1876 = ELLIPSE('',#1877,3.042966792301,2.8);
#1877 = AXIS2_PLACEMENT_2D('',#1878,#1879);
#1878 = CARTESIAN_POINT('',(-22.05937464531,6.838302282334));
#1879 = DIRECTION('',(-0.923879532511,0.382683432365));
#1880 = ( GEOMETRIC_REPRESENTATION_CONTEXT(2) 
PARAMETRIC_REPRESENTATION_CONTEXT() REPRESENTATION_CONTEXT('2D SPACE',''
  ) );
#1881 = ORIENTED_EDGE('',*,*,#1776,.T.);
#1882 = ADVANCED_FACE('',(#1883),#547,.F.);
#1883 = FACE_BOUND('',#1884,.F.);
#1884 = EDGE_LOOP('',(#1885,#1886,#1909,#1937,#1966,#1992));
#1885 = ORIENTED_EDGE('',*,*,#530,.F.);
#1886 = ORIENTED_EDGE('',*,*,#1887,.F.);
#1887 = EDGE_CURVE('',#1888,#531,#1890,.T.);
#1888 = VERTEX_POINT('',#1889);
#1889 = CARTESIAN_POINT('',(44.12929061717,-4.502795258985,2.5));
#1890 = SEAM_CURVE('',#1891,(#1895,#1902),.PCURVE_S1.);
#1891 = LINE('',#1892,#1893);
#1892 = CARTESIAN_POINT('',(44.285265482896,-4.438188354212,
    2.103258951456));
#1893 = VECTOR('',#1894,1.);
#1894 = DIRECTION('',(-0.361749801959,-0.149841674157,0.920154635629));
#1895 = PCURVE('',#547,#1896);
#1896 = DEFINITIONAL_REPRESENTATION('',(#1897),#1901);
#1897 = LINE('',#1898,#1899);
#1898 = CARTESIAN_POINT('',(6.28318530718,-0.));
#1899 = VECTOR('',#1900,1.);
#1900 = DIRECTION('',(0.,1.));
#1901 = ( GEOMETRIC_REPRESENTATION_CONTEXT(2) 
PARAMETRIC_REPRESENTATION_CONTEXT() REPRESENTATION_CONTEXT('2D SPACE',''
  ) );
#1902 = PCURVE('',#547,#1903);
#1903 = DEFINITIONAL_REPRESENTATION('',(#1904),#1908);
#1904 = LINE('',#1905,#1906);
#1905 = CARTESIAN_POINT('',(0.,-0.));
#1906 = VECTOR('',#1907,1.);
#1907 = DIRECTION('',(0.,1.));
#1908 = ( GEOMETRIC_REPRESENTATION_CONTEXT(2) 
PARAMETRIC_REPRESENTATION_CONTEXT() REPRESENTATION_CONTEXT('2D SPACE',''
  ) );
#1909 = ORIENTED_EDGE('',*,*,#1910,.T.);
#1910 = EDGE_CURVE('',#1888,#1911,#1913,.T.);
#1911 = VERTEX_POINT('',#1912);
#1912 = CARTESIAN_POINT('',(45.971628331506,-6.073102759242,2.5));
#1913 = SURFACE_CURVE('',#1914,(#1919,#1930),.PCURVE_S1.);
#1914 = ELLIPSE('',#1915,3.042966792301,2.8);
#1915 = AXIS2_PLACEMENT_3D('',#1916,#1917,#1918);
#1916 = CARTESIAN_POINT('',(46.940625354689,-3.338302282334,2.5));
#1917 = DIRECTION('',(0.,0.,1.));
#1918 = DIRECTION('',(-0.923879532511,-0.382683432365,0.));
#1919 = PCURVE('',#547,#1920);
#1920 = DEFINITIONAL_REPRESENTATION('',(#1921),#1929);
#1921 = B_SPLINE_CURVE_WITH_KNOTS('',6,(#1922,#1923,#1924,#1925,#1926,
    #1927,#1928),.UNSPECIFIED.,.F.,.F.,(7,7),(3.330669073875E-16,
    0.878733826076),.PIECEWISE_BEZIER_KNOTS.);
#1922 = CARTESIAN_POINT('',(0.,0.431167798522));
#1923 = CARTESIAN_POINT('',(0.146455637679,0.431167798522));
#1924 = CARTESIAN_POINT('',(0.292911275359,0.400500143113));
#1925 = CARTESIAN_POINT('',(0.439366913038,0.339163328902));
#1926 = CARTESIAN_POINT('',(0.585822550718,0.249135779761));
#1927 = CARTESIAN_POINT('',(0.732278188397,0.134352707093));
#1928 = CARTESIAN_POINT('',(0.878733826076,-5.999999945772E-07));
#1929 = ( GEOMETRIC_REPRESENTATION_CONTEXT(2) 
PARAMETRIC_REPRESENTATION_CONTEXT() REPRESENTATION_CONTEXT('2D SPACE',''
  ) );
#1930 = PCURVE('',#1006,#1931);
#1931 = DEFINITIONAL_REPRESENTATION('',(#1932),#1936);
#1932 = ELLIPSE('',#1933,3.042966792301,2.8);
#1933 = AXIS2_PLACEMENT_2D('',#1934,#1935);
#1934 = CARTESIAN_POINT('',(-17.33830228233,11.559374645311));
#1935 = DIRECTION('',(-0.382683432365,0.923879532511));
#1936 = ( GEOMETRIC_REPRESENTATION_CONTEXT(2) 
PARAMETRIC_REPRESENTATION_CONTEXT() REPRESENTATION_CONTEXT('2D SPACE',''
  ) );
#1937 = ORIENTED_EDGE('',*,*,#1938,.T.);
#1938 = EDGE_CURVE('',#1911,#1939,#1941,.T.);
#1939 = VERTEX_POINT('',#1940);
#1940 = CARTESIAN_POINT('',(44.321645026233,-2.089690685961,2.5));
#1941 = SURFACE_CURVE('',#1942,(#1947,#1954),.PCURVE_S1.);
#1942 = CIRCLE('',#1943,2.8);
#1943 = AXIS2_PLACEMENT_3D('',#1944,#1945,#1946);
#1944 = CARTESIAN_POINT('',(46.665579179784,-3.452230138258,
    3.199613410929));
#1945 = DIRECTION('',(-0.361749801959,-0.149841674157,0.920154635629));
#1946 = DIRECTION('',(-0.850112034603,-0.352127934269,-0.391555164097));
#1947 = PCURVE('',#547,#1948);
#1948 = DEFINITIONAL_REPRESENTATION('',(#1949),#1953);
#1949 = LINE('',#1950,#1951);
#1950 = CARTESIAN_POINT('',(0.,0.));
#1951 = VECTOR('',#1952,1.);
#1952 = DIRECTION('',(1.,0.));
#1953 = ( GEOMETRIC_REPRESENTATION_CONTEXT(2) 
PARAMETRIC_REPRESENTATION_CONTEXT() REPRESENTATION_CONTEXT('2D SPACE',''
  ) );
#1954 = PCURVE('',#1955,#1960);
#1955 = PLANE('',#1956);
#1956 = AXIS2_PLACEMENT_3D('',#1957,#1958,#1959);
#1957 = CARTESIAN_POINT('',(46.665579179784,-3.452230138258,
    3.199613410929));
#1958 = DIRECTION('',(-0.361749801959,-0.149841674157,0.920154635629));
#1959 = DIRECTION('',(-0.850112034603,-0.352127934269,-0.391555164097));
#1960 = DEFINITIONAL_REPRESENTATION('',(#1961),#1965);
#1961 = CIRCLE('',#1962,2.8);
#1962 = AXIS2_PLACEMENT_2D('',#1963,#1964);
#1963 = CARTESIAN_POINT('',(0.,0.));
#1964 = DIRECTION('',(1.,0.));
#1965 = ( GEOMETRIC_REPRESENTATION_CONTEXT(2) 
PARAMETRIC_REPRESENTATION_CONTEXT() REPRESENTATION_CONTEXT('2D SPACE',''
  ) );
#1966 = ORIENTED_EDGE('',*,*,#1967,.T.);
#1967 = EDGE_CURVE('',#1939,#1888,#1968,.T.);
#1968 = SURFACE_CURVE('',#1969,(#1974,#1985),.PCURVE_S1.);
#1969 = ELLIPSE('',#1970,3.042966792301,2.8);
#1970 = AXIS2_PLACEMENT_3D('',#1971,#1972,#1973);
#1971 = CARTESIAN_POINT('',(46.940625354689,-3.338302282334,2.5));
#1972 = DIRECTION('',(0.,0.,1.));
#1973 = DIRECTION('',(-0.923879532511,-0.382683432365,0.));
#1974 = PCURVE('',#547,#1975);
#1975 = DEFINITIONAL_REPRESENTATION('',(#1976),#1984);
#1976 = B_SPLINE_CURVE_WITH_KNOTS('',6,(#1977,#1978,#1979,#1980,#1981,
    #1982,#1983),.UNSPECIFIED.,.F.,.F.,(7,7),(5.404451481103,
    6.28318530718),.PIECEWISE_BEZIER_KNOTS.);
#1977 = CARTESIAN_POINT('',(5.404451481103,-5.999999945772E-07));
#1978 = CARTESIAN_POINT('',(5.550907118783,0.134352707093));
#1979 = CARTESIAN_POINT('',(5.697362756462,0.249135779761));
#1980 = CARTESIAN_POINT('',(5.843818394141,0.339163328902));
#1981 = CARTESIAN_POINT('',(5.990274031821,0.400500143113));
#1982 = CARTESIAN_POINT('',(6.1367296695,0.431167798522));
#1983 = CARTESIAN_POINT('',(6.28318530718,0.431167798522));
#1984 = ( GEOMETRIC_REPRESENTATION_CONTEXT(2) 
PARAMETRIC_REPRESENTATION_CONTEXT() REPRESENTATION_CONTEXT('2D SPACE',''
  ) );
#1985 = PCURVE('',#1006,#1986);
#1986 = DEFINITIONAL_REPRESENTATION('',(#1987),#1991);
#1987 = ELLIPSE('',#1988,3.042966792301,2.8);
#1988 = AXIS2_PLACEMENT_2D('',#1989,#1990);
#1989 = CARTESIAN_POINT('',(-17.33830228233,11.559374645311));
#1990 = DIRECTION('',(-0.382683432365,0.923879532511));
#1991 = ( GEOMETRIC_REPRESENTATION_CONTEXT(2) 
PARAMETRIC_REPRESENTATION_CONTEXT() REPRESENTATION_CONTEXT('2D SPACE',''
  ) );
#1992 = ORIENTED_EDGE('',*,*,#1887,.T.);
#1993 = ADVANCED_FACE('',(#1994),#605,.F.);
#1994 = FACE_BOUND('',#1995,.F.);
#1995 = EDGE_LOOP('',(#1996,#1997,#2020,#2048,#2077,#2103));
#1996 = ORIENTED_EDGE('',*,*,#588,.F.);
#1997 = ORIENTED_EDGE('',*,*,#1998,.F.);
#1998 = EDGE_CURVE('',#1999,#589,#2001,.T.);
#1999 = VERTEX_POINT('',#2000);
#2000 = CARTESIAN_POINT('',(59.502795258985,-10.87070938283,2.5));
#2001 = SEAM_CURVE('',#2002,(#2006,#2013),.PCURVE_S1.);
#2002 = LINE('',#2003,#2004);
#2003 = CARTESIAN_POINT('',(59.438188354212,-10.7147345171,
    2.103258951456));
#2004 = VECTOR('',#2005,1.);
#2005 = DIRECTION('',(0.149841674157,-0.361749801959,0.920154635629));
#2006 = PCURVE('',#605,#2007);
#2007 = DEFINITIONAL_REPRESENTATION('',(#2008),#2012);
#2008 = LINE('',#2009,#2010);
#2009 = CARTESIAN_POINT('',(6.28318530718,-0.));
#2010 = VECTOR('',#2011,1.);
#2011 = DIRECTION('',(0.,1.));
#2012 = ( GEOMETRIC_REPRESENTATION_CONTEXT(2) 
PARAMETRIC_REPRESENTATION_CONTEXT() REPRESENTATION_CONTEXT('2D SPACE',''
  ) );
#2013 = PCURVE('',#605,#2014);
#2014 = DEFINITIONAL_REPRESENTATION('',(#2015),#2019);
#2015 = LINE('',#2016,#2017);
#2016 = CARTESIAN_POINT('',(0.,-0.));
#2017 = VECTOR('',#2018,1.);
#2018 = DIRECTION('',(0.,1.));
#2019 = ( GEOMETRIC_REPRESENTATION_CONTEXT(2) 
PARAMETRIC_REPRESENTATION_CONTEXT() REPRESENTATION_CONTEXT('2D SPACE',''
  ) );
#2020 = ORIENTED_EDGE('',*,*,#2021,.T.);
#2021 = EDGE_CURVE('',#1999,#2022,#2024,.T.);
#2022 = VERTEX_POINT('',#2023);
#2023 = CARTESIAN_POINT('',(61.073102759242,-9.028371668494,2.5));
#2024 = SURFACE_CURVE('',#2025,(#2030,#2041),.PCURVE_S1.);
#2025 = ELLIPSE('',#2026,3.042966792301,2.8);
#2026 = AXIS2_PLACEMENT_3D('',#2027,#2028,#2029);
#2027 = CARTESIAN_POINT('',(58.338302282334,-8.059374645311,2.5));
#2028 = DIRECTION('',(0.,0.,1.));
#2029 = DIRECTION('',(0.382683432365,-0.923879532511,0.));
#2030 = PCURVE('',#605,#2031);
#2031 = DEFINITIONAL_REPRESENTATION('',(#2032),#2040);
#2032 = B_SPLINE_CURVE_WITH_KNOTS('',6,(#2033,#2034,#2035,#2036,#2037,
    #2038,#2039),.UNSPECIFIED.,.F.,.F.,(7,7),(0.,0.878733826076),
  .PIECEWISE_BEZIER_KNOTS.);
#2033 = CARTESIAN_POINT('',(0.,0.431167798522));
#2034 = CARTESIAN_POINT('',(0.146455637679,0.431167798522));
#2035 = CARTESIAN_POINT('',(0.292911275359,0.400500143113));
#2036 = CARTESIAN_POINT('',(0.439366913038,0.339163328902));
#2037 = CARTESIAN_POINT('',(0.585822550718,0.249135779761));
#2038 = CARTESIAN_POINT('',(0.732278188397,0.134352707093));
#2039 = CARTESIAN_POINT('',(0.878733826076,-5.999999981299E-07));
#2040 = ( GEOMETRIC_REPRESENTATION_CONTEXT(2) 
PARAMETRIC_REPRESENTATION_CONTEXT() REPRESENTATION_CONTEXT('2D SPACE',''
  ) );
#2041 = PCURVE('',#1006,#2042);
#2042 = DEFINITIONAL_REPRESENTATION('',(#2043),#2047);
#2043 = ELLIPSE('',#2044,3.042966792301,2.8);
#2044 = AXIS2_PLACEMENT_2D('',#2045,#2046);
#2045 = CARTESIAN_POINT('',(-22.05937464531,0.161697717666));
#2046 = DIRECTION('',(-0.923879532511,-0.382683432365));
#2047 = ( GEOMETRIC_REPRESENTATION_CONTEXT(2) 
PARAMETRIC_REPRESENTATION_CONTEXT() REPRESENTATION_CONTEXT('2D SPACE',''
  ) );
#2048 = ORIENTED_EDGE('',*,*,#2049,.T.);
#2049 = EDGE_CURVE('',#2022,#2050,#2052,.T.);
#2050 = VERTEX_POINT('',#2051);
#2051 = CARTESIAN_POINT('',(57.089690685961,-10.67835497376,2.5));
#2052 = SURFACE_CURVE('',#2053,(#2058,#2065),.PCURVE_S1.);
#2053 = CIRCLE('',#2054,2.8);
#2054 = AXIS2_PLACEMENT_3D('',#2055,#2056,#2057);
#2055 = CARTESIAN_POINT('',(58.452230138258,-8.334420820216,
    3.199613410929));
#2056 = DIRECTION('',(0.149841674157,-0.361749801959,0.920154635629));
#2057 = DIRECTION('',(0.352127934269,-0.850112034603,-0.391555164097));
#2058 = PCURVE('',#605,#2059);
#2059 = DEFINITIONAL_REPRESENTATION('',(#2060),#2064);
#2060 = LINE('',#2061,#2062);
#2061 = CARTESIAN_POINT('',(0.,0.));
#2062 = VECTOR('',#2063,1.);
#2063 = DIRECTION('',(1.,0.));
#2064 = ( GEOMETRIC_REPRESENTATION_CONTEXT(2) 
PARAMETRIC_REPRESENTATION_CONTEXT() REPRESENTATION_CONTEXT('2D SPACE',''
  ) );
#2065 = PCURVE('',#2066,#2071);
#2066 = PLANE('',#2067);
#2067 = AXIS2_PLACEMENT_3D('',#2068,#2069,#2070);
#2068 = CARTESIAN_POINT('',(58.452230138258,-8.334420820216,
    3.199613410929));
#2069 = DIRECTION('',(0.149841674157,-0.361749801959,0.920154635629));
#2070 = DIRECTION('',(0.352127934269,-0.850112034603,-0.391555164097));
#2071 = DEFINITIONAL_REPRESENTATION('',(#2072),#2076);
#2072 = CIRCLE('',#2073,2.8);
#2073 = AXIS2_PLACEMENT_2D('',#2074,#2075);
#2074 = CARTESIAN_POINT('',(0.,0.));
#2075 = DIRECTION('',(1.,0.));
#2076 = ( GEOMETRIC_REPRESENTATION_CONTEXT(2) 
PARAMETRIC_REPRESENTATION_CONTEXT() REPRESENTATION_CONTEXT('2D SPACE',''
  ) );
#2077 = ORIENTED_EDGE('',*,*,#2078,.T.);
#2078 = EDGE_CURVE('',#2050,#1999,#2079,.T.);
#2079 = SURFACE_CURVE('',#2080,(#2085,#2096),.PCURVE_S1.);
#2080 = ELLIPSE('',#2081,3.042966792301,2.8);
#2081 = AXIS2_PLACEMENT_3D('',#2082,#2083,#2084);
#2082 = CARTESIAN_POINT('',(58.338302282334,-8.059374645311,2.5));
#2083 = DIRECTION('',(0.,0.,1.));
#2084 = DIRECTION('',(0.382683432365,-0.923879532511,0.));
#2085 = PCURVE('',#605,#2086);
#2086 = DEFINITIONAL_REPRESENTATION('',(#2087),#2095);
#2087 = B_SPLINE_CURVE_WITH_KNOTS('',6,(#2088,#2089,#2090,#2091,#2092,
    #2093,#2094),.UNSPECIFIED.,.F.,.F.,(7,7),(5.404451481103,
    6.28318530718),.PIECEWISE_BEZIER_KNOTS.);
#2088 = CARTESIAN_POINT('',(5.404451481103,-5.999999981299E-07));
#2089 = CARTESIAN_POINT('',(5.550907118783,0.134352707093));
#2090 = CARTESIAN_POINT('',(5.697362756462,0.24913577976));
#2091 = CARTESIAN_POINT('',(5.843818394141,0.339163328902));
#2092 = CARTESIAN_POINT('',(5.990274031821,0.400500143113));
#2093 = CARTESIAN_POINT('',(6.1367296695,0.431167798522));
#2094 = CARTESIAN_POINT('',(6.28318530718,0.431167798522));
#2095 = ( GEOMETRIC_REPRESENTATION_CONTEXT(2) 
PARAMETRIC_REPRESENTATION_CONTEXT() REPRESENTATION_CONTEXT('2D SPACE',''
  ) );
#2096 = PCURVE('',#1006,#2097);
#2097 = DEFINITIONAL_REPRESENTATION('',(#2098),#2102);
#2098 = ELLIPSE('',#2099,3.042966792301,2.8);
#2099 = AXIS2_PLACEMENT_2D('',#2100,#2101);
#2100 = CARTESIAN_POINT('',(-22.05937464531,0.161697717666));
#2101 = DIRECTION('',(-0.923879532511,-0.382683432365));
#2102 = ( GEOMETRIC_REPRESENTATION_CONTEXT(2) 
PARAMETRIC_REPRESENTATION_CONTEXT() REPRESENTATION_CONTEXT('2D SPACE',''
  ) );
#2103 = ORIENTED_EDGE('',*,*,#1998,.T.);
#2104 = ADVANCED_FACE('',(#2105),#663,.F.);
#2105 = FACE_BOUND('',#2106,.F.);
#2106 = EDGE_LOOP('',(#2107,#2108,#2131,#2159,#2188,#2214));
#2107 = ORIENTED_EDGE('',*,*,#646,.F.);
#2108 = ORIENTED_EDGE('',*,*,#2109,.F.);
#2109 = EDGE_CURVE('',#2110,#647,#2112,.T.);
#2110 = VERTEX_POINT('',#2111);
#2111 = CARTESIAN_POINT('',(65.87070938283,-4.502795258985,2.5));
#2112 = SEAM_CURVE('',#2113,(#2117,#2124),.PCURVE_S1.);
#2113 = LINE('',#2114,#2115);
#2114 = CARTESIAN_POINT('',(65.714734517104,-4.438188354212,
    2.103258951456));
#2115 = VECTOR('',#2116,1.);
#2116 = DIRECTION('',(0.361749801959,-0.149841674157,0.920154635629));
#2117 = PCURVE('',#663,#2118);
#2118 = DEFINITIONAL_REPRESENTATION('',(#2119),#2123);
#2119 = LINE('',#2120,#2121);
#2120 = CARTESIAN_POINT('',(6.28318530718,-0.));
#2121 = VECTOR('',#2122,1.);
#2122 = DIRECTION('',(0.,1.));
#2123 = ( GEOMETRIC_REPRESENTATION_CONTEXT(2) 
PARAMETRIC_REPRESENTATION_CONTEXT() REPRESENTATION_CONTEXT('2D SPACE',''
  ) );
#2124 = PCURVE('',#663,#2125);
#2125 = DEFINITIONAL_REPRESENTATION('',(#2126),#2130);
#2126 = LINE('',#2127,#2128);
#2127 = CARTESIAN_POINT('',(0.,-0.));
#2128 = VECTOR('',#2129,1.);
#2129 = DIRECTION('',(0.,1.));
#2130 = ( GEOMETRIC_REPRESENTATION_CONTEXT(2) 
PARAMETRIC_REPRESENTATION_CONTEXT() REPRESENTATION_CONTEXT('2D SPACE',''
  ) );
#2131 = ORIENTED_EDGE('',*,*,#2132,.T.);
#2132 = EDGE_CURVE('',#2110,#2133,#2135,.T.);
#2133 = VERTEX_POINT('',#2134);
#2134 = CARTESIAN_POINT('',(65.678354973768,-2.089690685961,2.5));
#2135 = SURFACE_CURVE('',#2136,(#2141,#2152),.PCURVE_S1.);
#2136 = ELLIPSE('',#2137,3.042966792301,2.8);
#2137 = AXIS2_PLACEMENT_3D('',#2138,#2139,#2140);
#2138 = CARTESIAN_POINT('',(63.059374645311,-3.338302282334,2.5));
#2139 = DIRECTION('',(0.,0.,1.));
#2140 = DIRECTION('',(0.923879532511,-0.382683432365,0.));
#2141 = PCURVE('',#663,#2142);
#2142 = DEFINITIONAL_REPRESENTATION('',(#2143),#2151);
#2143 = B_SPLINE_CURVE_WITH_KNOTS('',6,(#2144,#2145,#2146,#2147,#2148,
    #2149,#2150),.UNSPECIFIED.,.F.,.F.,(7,7),(0.,0.878733826076),
  .PIECEWISE_BEZIER_KNOTS.);
#2144 = CARTESIAN_POINT('',(0.,0.431167798522));
#2145 = CARTESIAN_POINT('',(0.146455637679,0.431167798522));
#2146 = CARTESIAN_POINT('',(0.292911275359,0.400500143113));
#2147 = CARTESIAN_POINT('',(0.439366913038,0.339163328902));
#2148 = CARTESIAN_POINT('',(0.585822550718,0.249135779761));
#2149 = CARTESIAN_POINT('',(0.732278188397,0.134352707093));
#2150 = CARTESIAN_POINT('',(0.878733826076,-5.999999928008E-07));
#2151 = ( GEOMETRIC_REPRESENTATION_CONTEXT(2) 
PARAMETRIC_REPRESENTATION_CONTEXT() REPRESENTATION_CONTEXT('2D SPACE',''
  ) );
#2152 = PCURVE('',#1006,#2153);
#2153 = DEFINITIONAL_REPRESENTATION('',(#2154),#2158);
#2154 = ELLIPSE('',#2155,3.042966792301,2.8);
#2155 = AXIS2_PLACEMENT_2D('',#2156,#2157);
#2156 = CARTESIAN_POINT('',(-17.33830228233,-4.559374645311));
#2157 = DIRECTION('',(-0.382683432365,-0.923879532511));
#2158 = ( GEOMETRIC_REPRESENTATION_CONTEXT(2) 
PARAMETRIC_REPRESENTATION_CONTEXT() REPRESENTATION_CONTEXT('2D SPACE',''
  ) );
#2159 = ORIENTED_EDGE('',*,*,#2160,.T.);
#2160 = EDGE_CURVE('',#2133,#2161,#2163,.T.);
#2161 = VERTEX_POINT('',#2162);
#2162 = CARTESIAN_POINT('',(64.028371668494,-6.073102759242,2.5));
#2163 = SURFACE_CURVE('',#2164,(#2169,#2176),.PCURVE_S1.);
#2164 = CIRCLE('',#2165,2.8);
#2165 = AXIS2_PLACEMENT_3D('',#2166,#2167,#2168);
#2166 = CARTESIAN_POINT('',(63.334420820216,-3.452230138258,
    3.199613410929));
#2167 = DIRECTION('',(0.361749801959,-0.149841674157,0.920154635629));
#2168 = DIRECTION('',(0.850112034603,-0.352127934269,-0.391555164097));
#2169 = PCURVE('',#663,#2170);
#2170 = DEFINITIONAL_REPRESENTATION('',(#2171),#2175);
#2171 = LINE('',#2172,#2173);
#2172 = CARTESIAN_POINT('',(0.,0.));
#2173 = VECTOR('',#2174,1.);
#2174 = DIRECTION('',(1.,0.));
#2175 = ( GEOMETRIC_REPRESENTATION_CONTEXT(2) 
PARAMETRIC_REPRESENTATION_CONTEXT() REPRESENTATION_CONTEXT('2D SPACE',''
  ) );
#2176 = PCURVE('',#2177,#2182);
#2177 = PLANE('',#2178);
#2178 = AXIS2_PLACEMENT_3D('',#2179,#2180,#2181);
#2179 = CARTESIAN_POINT('',(63.334420820216,-3.452230138258,
    3.199613410929));
#2180 = DIRECTION('',(0.361749801959,-0.149841674157,0.920154635629));
#2181 = DIRECTION('',(0.850112034603,-0.352127934269,-0.391555164097));
#2182 = DEFINITIONAL_REPRESENTATION('',(#2183),#2187);
#2183 = CIRCLE('',#2184,2.8);
#2184 = AXIS2_PLACEMENT_2D('',#2185,#2186);
#2185 = CARTESIAN_POINT('',(0.,0.));
#2186 = DIRECTION('',(1.,0.));
#2187 = ( GEOMETRIC_REPRESENTATION_CONTEXT(2) 
PARAMETRIC_REPRESENTATION_CONTEXT() REPRESENTATION_CONTEXT('2D SPACE',''
  ) );
#2188 = ORIENTED_EDGE('',*,*,#2189,.T.);
#2189 = EDGE_CURVE('',#2161,#2110,#2190,.T.);
#2190 = SURFACE_CURVE('',#2191,(#2196,#2207),.PCURVE_S1.);
#2191 = ELLIPSE('',#2192,3.042966792301,2.8);
#2192 = AXIS2_PLACEMENT_3D('',#2193,#2194,#2195);
#2193 = CARTESIAN_POINT('',(63.059374645311,-3.338302282334,2.5));
#2194 = DIRECTION('',(0.,0.,1.));
#2195 = DIRECTION('',(0.923879532511,-0.382683432365,0.));
#2196 = PCURVE('',#663,#2197);
#2197 = DEFINITIONAL_REPRESENTATION('',(#2198),#2206);
#2198 = B_SPLINE_CURVE_WITH_KNOTS('',6,(#2199,#2200,#2201,#2202,#2203,
    #2204,#2205),.UNSPECIFIED.,.F.,.F.,(7,7),(5.404451481103,
    6.28318530718),.PIECEWISE_BEZIER_KNOTS.);
#2199 = CARTESIAN_POINT('',(5.404451481103,-5.999999963535E-07));
#2200 = CARTESIAN_POINT('',(5.550907118783,0.134352707093));
#2201 = CARTESIAN_POINT('',(5.697362756462,0.249135779761));
#2202 = CARTESIAN_POINT('',(5.843818394141,0.339163328902));
#2203 = CARTESIAN_POINT('',(5.990274031821,0.400500143113));
#2204 = CARTESIAN_POINT('',(6.1367296695,0.431167798522));
#2205 = CARTESIAN_POINT('',(6.28318530718,0.431167798522));
#2206 = ( GEOMETRIC_REPRESENTATION_CONTEXT(2) 
PARAMETRIC_REPRESENTATION_CONTEXT() REPRESENTATION_CONTEXT('2D SPACE',''
  ) );
#2207 = PCURVE('',#1006,#2208);
#2208 = DEFINITIONAL_REPRESENTATION('',(#2209),#2213);
#2209 = ELLIPSE('',#2210,3.042966792301,2.8);
#2210 = AXIS2_PLACEMENT_2D('',#2211,#2212);
#2211 = CARTESIAN_POINT('',(-17.33830228233,-4.559374645311));
#2212 = DIRECTION('',(-0.382683432365,-0.923879532511));
#2213 = ( GEOMETRIC_REPRESENTATION_CONTEXT(2) 
PARAMETRIC_REPRESENTATION_CONTEXT() REPRESENTATION_CONTEXT('2D SPACE',''
  ) );
#2214 = ORIENTED_EDGE('',*,*,#2109,.T.);
#2215 = ADVANCED_FACE('',(#2216),#721,.F.);
#2216 = FACE_BOUND('',#2217,.F.);
#2217 = EDGE_LOOP('',(#2218,#2219,#2242,#2270,#2299,#2325));
#2218 = ORIENTED_EDGE('',*,*,#704,.F.);
#2219 = ORIENTED_EDGE('',*,*,#2220,.F.);
#2220 = EDGE_CURVE('',#2221,#705,#2223,.T.);
#2221 = VERTEX_POINT('',#2222);
#2222 = CARTESIAN_POINT('',(44.12929061717,4.502795258985,2.5));
#2223 = SEAM_CURVE('',#2224,(#2228,#2235),.PCURVE_S1.);
#2224 = LINE('',#2225,#2226);
#2225 = CARTESIAN_POINT('',(44.285265482896,4.438188354212,
    2.103258951456));
#2226 = VECTOR('',#2227,1.);
#2227 = DIRECTION('',(-0.361749801959,0.149841674157,0.920154635629));
#2228 = PCURVE('',#721,#2229);
#2229 = DEFINITIONAL_REPRESENTATION('',(#2230),#2234);
#2230 = LINE('',#2231,#2232);
#2231 = CARTESIAN_POINT('',(6.28318530718,-0.));
#2232 = VECTOR('',#2233,1.);
#2233 = DIRECTION('',(0.,1.));
#2234 = ( GEOMETRIC_REPRESENTATION_CONTEXT(2) 
PARAMETRIC_REPRESENTATION_CONTEXT() REPRESENTATION_CONTEXT('2D SPACE',''
  ) );
#2235 = PCURVE('',#721,#2236);
#2236 = DEFINITIONAL_REPRESENTATION('',(#2237),#2241);
#2237 = LINE('',#2238,#2239);
#2238 = CARTESIAN_POINT('',(0.,-0.));
#2239 = VECTOR('',#2240,1.);
#2240 = DIRECTION('',(0.,1.));
#2241 = ( GEOMETRIC_REPRESENTATION_CONTEXT(2) 
PARAMETRIC_REPRESENTATION_CONTEXT() REPRESENTATION_CONTEXT('2D SPACE',''
  ) );
#2242 = ORIENTED_EDGE('',*,*,#2243,.T.);
#2243 = EDGE_CURVE('',#2221,#2244,#2246,.T.);
#2244 = VERTEX_POINT('',#2245);
#2245 = CARTESIAN_POINT('',(44.321645026232,2.089690685961,2.5));
#2246 = SURFACE_CURVE('',#2247,(#2252,#2263),.PCURVE_S1.);
#2247 = ELLIPSE('',#2248,3.042966792301,2.8);
#2248 = AXIS2_PLACEMENT_3D('',#2249,#2250,#2251);
#2249 = CARTESIAN_POINT('',(46.940625354689,3.338302282334,2.5));
#2250 = DIRECTION('',(0.,0.,1.));
#2251 = DIRECTION('',(-0.923879532511,0.382683432365,0.));
#2252 = PCURVE('',#721,#2253);
#2253 = DEFINITIONAL_REPRESENTATION('',(#2254),#2262);
#2254 = B_SPLINE_CURVE_WITH_KNOTS('',6,(#2255,#2256,#2257,#2258,#2259,
    #2260,#2261),.UNSPECIFIED.,.F.,.F.,(7,7),(0.,0.878733826076),
  .PIECEWISE_BEZIER_KNOTS.);
#2255 = CARTESIAN_POINT('',(0.,0.431167798522));
#2256 = CARTESIAN_POINT('',(0.146455637679,0.431167798522));
#2257 = CARTESIAN_POINT('',(0.292911275359,0.400500143113));
#2258 = CARTESIAN_POINT('',(0.439366913038,0.339163328902));
#2259 = CARTESIAN_POINT('',(0.585822550718,0.249135779761));
#2260 = CARTESIAN_POINT('',(0.732278188397,0.134352707093));
#2261 = CARTESIAN_POINT('',(0.878733826076,-6.000000016826E-07));
#2262 = ( GEOMETRIC_REPRESENTATION_CONTEXT(2) 
PARAMETRIC_REPRESENTATION_CONTEXT() REPRESENTATION_CONTEXT('2D SPACE',''
  ) );
#2263 = PCURVE('',#1006,#2264);
#2264 = DEFINITIONAL_REPRESENTATION('',(#2265),#2269);
#2265 = ELLIPSE('',#2266,3.042966792301,2.8);
#2266 = AXIS2_PLACEMENT_2D('',#2267,#2268);
#2267 = CARTESIAN_POINT('',(-10.66169771766,11.559374645311));
#2268 = DIRECTION('',(0.382683432365,0.923879532511));
#2269 = ( GEOMETRIC_REPRESENTATION_CONTEXT(2) 
PARAMETRIC_REPRESENTATION_CONTEXT() REPRESENTATION_CONTEXT('2D SPACE',''
  ) );
#2270 = ORIENTED_EDGE('',*,*,#2271,.T.);
#2271 = EDGE_CURVE('',#2244,#2272,#2274,.T.);
#2272 = VERTEX_POINT('',#2273);
#2273 = CARTESIAN_POINT('',(45.971628331506,6.073102759242,2.5));
#2274 = SURFACE_CURVE('',#2275,(#2280,#2287),.PCURVE_S1.);
#2275 = CIRCLE('',#2276,2.8);
#2276 = AXIS2_PLACEMENT_3D('',#2277,#2278,#2279);
#2277 = CARTESIAN_POINT('',(46.665579179784,3.452230138258,
    3.199613410929));
#2278 = DIRECTION('',(-0.361749801959,0.149841674157,0.920154635629));
#2279 = DIRECTION('',(-0.850112034603,0.352127934269,-0.391555164097));
#2280 = PCURVE('',#721,#2281);
#2281 = DEFINITIONAL_REPRESENTATION('',(#2282),#2286);
#2282 = LINE('',#2283,#2284);
#2283 = CARTESIAN_POINT('',(0.,0.));
#2284 = VECTOR('',#2285,1.);
#2285 = DIRECTION('',(1.,0.));
#2286 = ( GEOMETRIC_REPRESENTATION_CONTEXT(2) 
PARAMETRIC_REPRESENTATION_CONTEXT() REPRESENTATION_CONTEXT('2D SPACE',''
  ) );
#2287 = PCURVE('',#2288,#2293);
#2288 = PLANE('',#2289);
#2289 = AXIS2_PLACEMENT_3D('',#2290,#2291,#2292);
#2290 = CARTESIAN_POINT('',(46.665579179784,3.452230138258,
    3.199613410929));
#2291 = DIRECTION('',(-0.361749801959,0.149841674157,0.920154635629));
#2292 = DIRECTION('',(-0.850112034603,0.352127934269,-0.391555164097));
#2293 = DEFINITIONAL_REPRESENTATION('',(#2294),#2298);
#2294 = CIRCLE('',#2295,2.8);
#2295 = AXIS2_PLACEMENT_2D('',#2296,#2297);
#2296 = CARTESIAN_POINT('',(0.,0.));
#2297 = DIRECTION('',(1.,0.));
#2298 = ( GEOMETRIC_REPRESENTATION_CONTEXT(2) 
PARAMETRIC_REPRESENTATION_CONTEXT() REPRESENTATION_CONTEXT('2D SPACE',''
  ) );
#2299 = ORIENTED_EDGE('',*,*,#2300,.T.);
#2300 = EDGE_CURVE('',#2272,#2221,#2301,.T.);
#2301 = SURFACE_CURVE('',#2302,(#2307,#2318),.PCURVE_S1.);
#2302 = ELLIPSE('',#2303,3.042966792301,2.8);
#2303 = AXIS2_PLACEMENT_3D('',#2304,#2305,#2306);
#2304 = CARTESIAN_POINT('',(46.940625354689,3.338302282334,2.5));
#2305 = DIRECTION('',(0.,0.,1.));
#2306 = DIRECTION('',(-0.923879532511,0.382683432365,0.));
#2307 = PCURVE('',#721,#2308);
#2308 = DEFINITIONAL_REPRESENTATION('',(#2309),#2317);
#2309 = B_SPLINE_CURVE_WITH_KNOTS('',6,(#2310,#2311,#2312,#2313,#2314,
    #2315,#2316),.UNSPECIFIED.,.F.,.F.,(7,7),(5.404451481103,
    6.28318530718),.PIECEWISE_BEZIER_KNOTS.);
#2310 = CARTESIAN_POINT('',(5.404451481103,-6.000000016826E-07));
#2311 = CARTESIAN_POINT('',(5.550907118783,0.134352707093));
#2312 = CARTESIAN_POINT('',(5.697362756462,0.24913577976));
#2313 = CARTESIAN_POINT('',(5.843818394141,0.339163328902));
#2314 = CARTESIAN_POINT('',(5.990274031821,0.400500143113));
#2315 = CARTESIAN_POINT('',(6.1367296695,0.431167798522));
#2316 = CARTESIAN_POINT('',(6.28318530718,0.431167798522));
#2317 = ( GEOMETRIC_REPRESENTATION_CONTEXT(2) 
PARAMETRIC_REPRESENTATION_CONTEXT() REPRESENTATION_CONTEXT('2D SPACE',''
  ) );
#2318 = PCURVE('',#1006,#2319);
#2319 = DEFINITIONAL_REPRESENTATION('',(#2320),#2324);
#2320 = ELLIPSE('',#2321,3.042966792301,2.8);
#2321 = AXIS2_PLACEMENT_2D('',#2322,#2323);
#2322 = CARTESIAN_POINT('',(-10.66169771766,11.559374645311));
#2323 = DIRECTION('',(0.382683432365,0.923879532511));
#2324 = ( GEOMETRIC_REPRESENTATION_CONTEXT(2) 
PARAMETRIC_REPRESENTATION_CONTEXT() REPRESENTATION_CONTEXT('2D SPACE',''
  ) );
#2325 = ORIENTED_EDGE('',*,*,#2220,.T.);
#2326 = ADVANCED_FACE('',(#2327),#779,.F.);
#2327 = FACE_BOUND('',#2328,.F.);
#2328 = EDGE_LOOP('',(#2329,#2330,#2353,#2380));
#2329 = ORIENTED_EDGE('',*,*,#762,.F.);
#2330 = ORIENTED_EDGE('',*,*,#2331,.F.);
#2331 = EDGE_CURVE('',#2332,#763,#2334,.T.);
#2332 = VERTEX_POINT('',#2333);
#2333 = CARTESIAN_POINT('',(57.8,-6.858022075225E-16,4.));
#2334 = SEAM_CURVE('',#2335,(#2339,#2346),.PCURVE_S1.);
#2335 = LINE('',#2336,#2337);
#2336 = CARTESIAN_POINT('',(57.8,-6.858022075225E-16,4.));
#2337 = VECTOR('',#2338,1.);
#2338 = DIRECTION('',(0.,0.,1.));
#2339 = PCURVE('',#779,#2340);
#2340 = DEFINITIONAL_REPRESENTATION('',(#2341),#2345);
#2341 = LINE('',#2342,#2343);
#2342 = CARTESIAN_POINT('',(6.28318530718,-0.));
#2343 = VECTOR('',#2344,1.);
#2344 = DIRECTION('',(0.,1.));
#2345 = ( GEOMETRIC_REPRESENTATION_CONTEXT(2) 
PARAMETRIC_REPRESENTATION_CONTEXT() REPRESENTATION_CONTEXT('2D SPACE',''
  ) );
#2346 = PCURVE('',#779,#2347);
#2347 = DEFINITIONAL_REPRESENTATION('',(#2348),#2352);
#2348 = LINE('',#2349,#2350);
#2349 = CARTESIAN_POINT('',(0.,-0.));
#2350 = VECTOR('',#2351,1.);
#2351 = DIRECTION('',(0.,1.));
#2352 = ( GEOMETRIC_REPRESENTATION_CONTEXT(2) 
PARAMETRIC_REPRESENTATION_CONTEXT() REPRESENTATION_CONTEXT('2D SPACE',''
  ) );
#2353 = ORIENTED_EDGE('',*,*,#2354,.T.);
#2354 = EDGE_CURVE('',#2332,#2332,#2355,.T.);
#2355 = SURFACE_CURVE('',#2356,(#2361,#2368),.PCURVE_S1.);
#2356 = CIRCLE('',#2357,2.8);
#2357 = AXIS2_PLACEMENT_3D('',#2358,#2359,#2360);
#2358 = CARTESIAN_POINT('',(55.,0.,4.));
#2359 = DIRECTION('',(0.,0.,1.));
#2360 = DIRECTION('',(1.,0.,-0.));
#2361 = PCURVE('',#779,#2362);
#2362 = DEFINITIONAL_REPRESENTATION('',(#2363),#2367);
#2363 = LINE('',#2364,#2365);
#2364 = CARTESIAN_POINT('',(0.,0.));
#2365 = VECTOR('',#2366,1.);
#2366 = DIRECTION('',(1.,0.));
#2367 = ( GEOMETRIC_REPRESENTATION_CONTEXT(2) 
PARAMETRIC_REPRESENTATION_CONTEXT() REPRESENTATION_CONTEXT('2D SPACE',''
  ) );
#2368 = PCURVE('',#2369,#2374);
#2369 = PLANE('',#2370);
#2370 = AXIS2_PLACEMENT_3D('',#2371,#2372,#2373);
#2371 = CARTESIAN_POINT('',(55.,0.,4.));
#2372 = DIRECTION('',(0.,0.,1.));
#2373 = DIRECTION('',(1.,0.,-0.));
#2374 = DEFINITIONAL_REPRESENTATION('',(#2375),#2379);
#2375 = CIRCLE('',#2376,2.8);
#2376 = AXIS2_PLACEMENT_2D('',#2377,#2378);
#2377 = CARTESIAN_POINT('',(0.,0.));
#2378 = DIRECTION('',(1.,0.));
#2379 = ( GEOMETRIC_REPRESENTATION_CONTEXT(2) 
PARAMETRIC_REPRESENTATION_CONTEXT() REPRESENTATION_CONTEXT('2D SPACE',''
  ) );
#2380 = ORIENTED_EDGE('',*,*,#2331,.T.);
#2381 = ADVANCED_FACE('',(#2382),#810,.F.);
#2382 = FACE_BOUND('',#2383,.F.);
#2383 = EDGE_LOOP('',(#2384,#2385,#2408,#2436,#2465,#2491));
#2384 = ORIENTED_EDGE('',*,*,#793,.F.);
#2385 = ORIENTED_EDGE('',*,*,#2386,.F.);
#2386 = EDGE_CURVE('',#2387,#794,#2389,.T.);
#2387 = VERTEX_POINT('',#2388);
#2388 = CARTESIAN_POINT('',(50.497204741015,10.87070938283,2.5));
#2389 = SEAM_CURVE('',#2390,(#2394,#2401),.PCURVE_S1.);
#2390 = LINE('',#2391,#2392);
#2391 = CARTESIAN_POINT('',(50.561811645788,10.714734517104,
    2.103258951456));
#2392 = VECTOR('',#2393,1.);
#2393 = DIRECTION('',(-0.149841674157,0.361749801959,0.920154635629));
#2394 = PCURVE('',#810,#2395);
#2395 = DEFINITIONAL_REPRESENTATION('',(#2396),#2400);
#2396 = LINE('',#2397,#2398);
#2397 = CARTESIAN_POINT('',(6.28318530718,-0.));
#2398 = VECTOR('',#2399,1.);
#2399 = DIRECTION('',(0.,1.));
#2400 = ( GEOMETRIC_REPRESENTATION_CONTEXT(2) 
PARAMETRIC_REPRESENTATION_CONTEXT() REPRESENTATION_CONTEXT('2D SPACE',''
  ) );
#2401 = PCURVE('',#810,#2402);
#2402 = DEFINITIONAL_REPRESENTATION('',(#2403),#2407);
#2403 = LINE('',#2404,#2405);
#2404 = CARTESIAN_POINT('',(0.,-0.));
#2405 = VECTOR('',#2406,1.);
#2406 = DIRECTION('',(0.,1.));
#2407 = ( GEOMETRIC_REPRESENTATION_CONTEXT(2) 
PARAMETRIC_REPRESENTATION_CONTEXT() REPRESENTATION_CONTEXT('2D SPACE',''
  ) );
#2408 = ORIENTED_EDGE('',*,*,#2409,.T.);
#2409 = EDGE_CURVE('',#2387,#2410,#2412,.T.);
#2410 = VERTEX_POINT('',#2411);
#2411 = CARTESIAN_POINT('',(48.926897240758,9.028371668494,2.5));
#2412 = SURFACE_CURVE('',#2413,(#2418,#2429),.PCURVE_S1.);
#2413 = ELLIPSE('',#2414,3.042966792301,2.8);
#2414 = AXIS2_PLACEMENT_3D('',#2415,#2416,#2417);
#2415 = CARTESIAN_POINT('',(51.661697717666,8.059374645311,2.5));
#2416 = DIRECTION('',(0.,0.,1.));
#2417 = DIRECTION('',(-0.382683432365,0.923879532511,0.));
#2418 = PCURVE('',#810,#2419);
#2419 = DEFINITIONAL_REPRESENTATION('',(#2420),#2428);
#2420 = B_SPLINE_CURVE_WITH_KNOTS('',6,(#2421,#2422,#2423,#2424,#2425,
    #2426,#2427),.UNSPECIFIED.,.F.,.F.,(7,7),(0.,0.878733826076),
  .PIECEWISE_BEZIER_KNOTS.);
#2421 = CARTESIAN_POINT('',(0.,0.431167798522));
#2422 = CARTESIAN_POINT('',(0.146455637679,0.431167798522));
#2423 = CARTESIAN_POINT('',(0.292911275359,0.400500143113));
#2424 = CARTESIAN_POINT('',(0.439366913038,0.339163328902));
#2425 = CARTESIAN_POINT('',(0.585822550718,0.249135779761));
#2426 = CARTESIAN_POINT('',(0.732278188397,0.134352707093));
#2427 = CARTESIAN_POINT('',(0.878733826076,-5.999999994621E-07));
#2428 = ( GEOMETRIC_REPRESENTATION_CONTEXT(2) 
PARAMETRIC_REPRESENTATION_CONTEXT() REPRESENTATION_CONTEXT('2D SPACE',''
  ) );
#2429 = PCURVE('',#1006,#2430);
#2430 = DEFINITIONAL_REPRESENTATION('',(#2431),#2435);
#2431 = ELLIPSE('',#2432,3.042966792301,2.8);
#2432 = AXIS2_PLACEMENT_2D('',#2433,#2434);
#2433 = CARTESIAN_POINT('',(-5.940625354689,6.838302282334));
#2434 = DIRECTION('',(0.923879532511,0.382683432365));
#2435 = ( GEOMETRIC_REPRESENTATION_CONTEXT(2) 
PARAMETRIC_REPRESENTATION_CONTEXT() REPRESENTATION_CONTEXT('2D SPACE',''
  ) );
#2436 = ORIENTED_EDGE('',*,*,#2437,.T.);
#2437 = EDGE_CURVE('',#2410,#2438,#2440,.T.);
#2438 = VERTEX_POINT('',#2439);
#2439 = CARTESIAN_POINT('',(52.910309314039,10.678354973768,2.5));
#2440 = SURFACE_CURVE('',#2441,(#2446,#2453),.PCURVE_S1.);
#2441 = CIRCLE('',#2442,2.8);
#2442 = AXIS2_PLACEMENT_3D('',#2443,#2444,#2445);
#2443 = CARTESIAN_POINT('',(51.547769861742,8.334420820216,
    3.199613410929));
#2444 = DIRECTION('',(-0.149841674157,0.361749801959,0.920154635629));
#2445 = DIRECTION('',(-0.352127934269,0.850112034603,-0.391555164097));
#2446 = PCURVE('',#810,#2447);
#2447 = DEFINITIONAL_REPRESENTATION('',(#2448),#2452);
#2448 = LINE('',#2449,#2450);
#2449 = CARTESIAN_POINT('',(0.,0.));
#2450 = VECTOR('',#2451,1.);
#2451 = DIRECTION('',(1.,0.));
#2452 = ( GEOMETRIC_REPRESENTATION_CONTEXT(2) 
PARAMETRIC_REPRESENTATION_CONTEXT() REPRESENTATION_CONTEXT('2D SPACE',''
  ) );
#2453 = PCURVE('',#2454,#2459);
#2454 = PLANE('',#2455);
#2455 = AXIS2_PLACEMENT_3D('',#2456,#2457,#2458);
#2456 = CARTESIAN_POINT('',(51.547769861742,8.334420820216,
    3.199613410929));
#2457 = DIRECTION('',(-0.149841674157,0.361749801959,0.920154635629));
#2458 = DIRECTION('',(-0.352127934269,0.850112034603,-0.391555164097));
#2459 = DEFINITIONAL_REPRESENTATION('',(#2460),#2464);
#2460 = CIRCLE('',#2461,2.8);
#2461 = AXIS2_PLACEMENT_2D('',#2462,#2463);
#2462 = CARTESIAN_POINT('',(0.,0.));
#2463 = DIRECTION('',(1.,0.));
#2464 = ( GEOMETRIC_REPRESENTATION_CONTEXT(2) 
PARAMETRIC_REPRESENTATION_CONTEXT() REPRESENTATION_CONTEXT('2D SPACE',''
  ) );
#2465 = ORIENTED_EDGE('',*,*,#2466,.T.);
#2466 = EDGE_CURVE('',#2438,#2387,#2467,.T.);
#2467 = SURFACE_CURVE('',#2468,(#2473,#2484),.PCURVE_S1.);
#2468 = ELLIPSE('',#2469,3.042966792301,2.8);
#2469 = AXIS2_PLACEMENT_3D('',#2470,#2471,#2472);
#2470 = CARTESIAN_POINT('',(51.661697717666,8.059374645311,2.5));
#2471 = DIRECTION('',(0.,0.,1.));
#2472 = DIRECTION('',(-0.382683432365,0.923879532511,0.));
#2473 = PCURVE('',#810,#2474);
#2474 = DEFINITIONAL_REPRESENTATION('',(#2475),#2483);
#2475 = B_SPLINE_CURVE_WITH_KNOTS('',6,(#2476,#2477,#2478,#2479,#2480,
    #2481,#2482),.UNSPECIFIED.,.F.,.F.,(7,7),(5.404451481103,
    6.28318530718),.PIECEWISE_BEZIER_KNOTS.);
#2476 = CARTESIAN_POINT('',(5.404451481103,-6.000000003503E-07));
#2477 = CARTESIAN_POINT('',(5.550907118783,0.134352707093));
#2478 = CARTESIAN_POINT('',(5.697362756462,0.249135779761));
#2479 = CARTESIAN_POINT('',(5.843818394141,0.339163328902));
#2480 = CARTESIAN_POINT('',(5.990274031821,0.400500143113));
#2481 = CARTESIAN_POINT('',(6.1367296695,0.431167798522));
#2482 = CARTESIAN_POINT('',(6.28318530718,0.431167798522));
#2483 = ( GEOMETRIC_REPRESENTATION_CONTEXT(2) 
PARAMETRIC_REPRESENTATION_CONTEXT() REPRESENTATION_CONTEXT('2D SPACE',''
  ) );
#2484 = PCURVE('',#1006,#2485);
#2485 = DEFINITIONAL_REPRESENTATION('',(#2486),#2490);
#2486 = ELLIPSE('',#2487,3.042966792301,2.8);
#2487 = AXIS2_PLACEMENT_2D('',#2488,#2489);
#2488 = CARTESIAN_POINT('',(-5.940625354689,6.838302282334));
#2489 = DIRECTION('',(0.923879532511,0.382683432365));
#2490 = ( GEOMETRIC_REPRESENTATION_CONTEXT(2) 
PARAMETRIC_REPRESENTATION_CONTEXT() REPRESENTATION_CONTEXT('2D SPACE',''
  ) );
#2491 = ORIENTED_EDGE('',*,*,#2386,.T.);
#2492 = ADVANCED_FACE('',(#2493),#868,.F.);
#2493 = FACE_BOUND('',#2494,.F.);
#2494 = EDGE_LOOP('',(#2495,#2496,#2519,#2547,#2576,#2602));
#2495 = ORIENTED_EDGE('',*,*,#851,.F.);
#2496 = ORIENTED_EDGE('',*,*,#2497,.F.);
#2497 = EDGE_CURVE('',#2498,#852,#2500,.T.);
#2498 = VERTEX_POINT('',#2499);
#2499 = CARTESIAN_POINT('',(65.87070938283,4.502795258985,2.5));
#2500 = SEAM_CURVE('',#2501,(#2505,#2512),.PCURVE_S1.);
#2501 = LINE('',#2502,#2503);
#2502 = CARTESIAN_POINT('',(65.714734517104,4.438188354212,
    2.103258951456));
#2503 = VECTOR('',#2504,1.);
#2504 = DIRECTION('',(0.361749801959,0.149841674157,0.920154635629));
#2505 = PCURVE('',#868,#2506);
#2506 = DEFINITIONAL_REPRESENTATION('',(#2507),#2511);
#2507 = LINE('',#2508,#2509);
#2508 = CARTESIAN_POINT('',(6.28318530718,-0.));
#2509 = VECTOR('',#2510,1.);
#2510 = DIRECTION('',(0.,1.));
#2511 = ( GEOMETRIC_REPRESENTATION_CONTEXT(2) 
PARAMETRIC_REPRESENTATION_CONTEXT() REPRESENTATION_CONTEXT('2D SPACE',''
  ) );
#2512 = PCURVE('',#868,#2513);
#2513 = DEFINITIONAL_REPRESENTATION('',(#2514),#2518);
#2514 = LINE('',#2515,#2516);
#2515 = CARTESIAN_POINT('',(0.,-0.));
#2516 = VECTOR('',#2517,1.);
#2517 = DIRECTION('',(0.,1.));
#2518 = ( GEOMETRIC_REPRESENTATION_CONTEXT(2) 
PARAMETRIC_REPRESENTATION_CONTEXT() REPRESENTATION_CONTEXT('2D SPACE',''
  ) );
#2519 = ORIENTED_EDGE('',*,*,#2520,.T.);
#2520 = EDGE_CURVE('',#2498,#2521,#2523,.T.);
#2521 = VERTEX_POINT('',#2522);
#2522 = CARTESIAN_POINT('',(64.028371668494,6.073102759242,2.5));
#2523 = SURFACE_CURVE('',#2524,(#2529,#2540),.PCURVE_S1.);
#2524 = ELLIPSE('',#2525,3.042966792301,2.8);
#2525 = AXIS2_PLACEMENT_3D('',#2526,#2527,#2528);
#2526 = CARTESIAN_POINT('',(63.059374645311,3.338302282334,2.5));
#2527 = DIRECTION('',(0.,0.,1.));
#2528 = DIRECTION('',(0.923879532511,0.382683432365,-0.));
#2529 = PCURVE('',#868,#2530);
#2530 = DEFINITIONAL_REPRESENTATION('',(#2531),#2539);
#2531 = B_SPLINE_CURVE_WITH_KNOTS('',6,(#2532,#2533,#2534,#2535,#2536,
    #2537,#2538),.UNSPECIFIED.,.F.,.F.,(7,7),(0.,0.878733826076),
  .PIECEWISE_BEZIER_KNOTS.);
#2532 = CARTESIAN_POINT('',(1.268826313857E-15,0.431167798522));
#2533 = CARTESIAN_POINT('',(0.146455637679,0.431167798522));
#2534 = CARTESIAN_POINT('',(0.292911275359,0.400500143113));
#2535 = CARTESIAN_POINT('',(0.439366913038,0.339163328902));
#2536 = CARTESIAN_POINT('',(0.585822550718,0.249135779761));
#2537 = CARTESIAN_POINT('',(0.732278188397,0.134352707093));
#2538 = CARTESIAN_POINT('',(0.878733826076,-5.999999999062E-07));
#2539 = ( GEOMETRIC_REPRESENTATION_CONTEXT(2) 
PARAMETRIC_REPRESENTATION_CONTEXT() REPRESENTATION_CONTEXT('2D SPACE',''
  ) );
#2540 = PCURVE('',#1006,#2541);
#2541 = DEFINITIONAL_REPRESENTATION('',(#2542),#2546);
#2542 = ELLIPSE('',#2543,3.042966792301,2.8);
#2543 = AXIS2_PLACEMENT_2D('',#2544,#2545);
#2544 = CARTESIAN_POINT('',(-10.66169771766,-4.559374645311));
#2545 = DIRECTION('',(0.382683432365,-0.923879532511));
#2546 = ( GEOMETRIC_REPRESENTATION_CONTEXT(2) 
PARAMETRIC_REPRESENTATION_CONTEXT() REPRESENTATION_CONTEXT('2D SPACE',''
  ) );
#2547 = ORIENTED_EDGE('',*,*,#2548,.T.);
#2548 = EDGE_CURVE('',#2521,#2549,#2551,.T.);
#2549 = VERTEX_POINT('',#2550);
#2550 = CARTESIAN_POINT('',(65.678354973768,2.089690685961,2.5));
#2551 = SURFACE_CURVE('',#2552,(#2557,#2564),.PCURVE_S1.);
#2552 = CIRCLE('',#2553,2.8);
#2553 = AXIS2_PLACEMENT_3D('',#2554,#2555,#2556);
#2554 = CARTESIAN_POINT('',(63.334420820216,3.452230138258,
    3.199613410929));
#2555 = DIRECTION('',(0.361749801959,0.149841674157,0.920154635629));
#2556 = DIRECTION('',(0.850112034603,0.352127934269,-0.391555164097));
#2557 = PCURVE('',#868,#2558);
#2558 = DEFINITIONAL_REPRESENTATION('',(#2559),#2563);
#2559 = LINE('',#2560,#2561);
#2560 = CARTESIAN_POINT('',(0.,0.));
#2561 = VECTOR('',#2562,1.);
#2562 = DIRECTION('',(1.,0.));
#2563 = ( GEOMETRIC_REPRESENTATION_CONTEXT(2) 
PARAMETRIC_REPRESENTATION_CONTEXT() REPRESENTATION_CONTEXT('2D SPACE',''
  ) );
#2564 = PCURVE('',#2565,#2570);
#2565 = PLANE('',#2566);
#2566 = AXIS2_PLACEMENT_3D('',#2567,#2568,#2569);
#2567 = CARTESIAN_POINT('',(63.334420820216,3.452230138258,
    3.199613410929));
#2568 = DIRECTION('',(0.361749801959,0.149841674157,0.920154635629));
#2569 = DIRECTION('',(0.850112034603,0.352127934269,-0.391555164097));
#2570 = DEFINITIONAL_REPRESENTATION('',(#2571),#2575);
#2571 = CIRCLE('',#2572,2.8);
#2572 = AXIS2_PLACEMENT_2D('',#2573,#2574);
#2573 = CARTESIAN_POINT('',(0.,0.));
#2574 = DIRECTION('',(1.,0.));
#2575 = ( GEOMETRIC_REPRESENTATION_CONTEXT(2) 
PARAMETRIC_REPRESENTATION_CONTEXT() REPRESENTATION_CONTEXT('2D SPACE',''
  ) );
#2576 = ORIENTED_EDGE('',*,*,#2577,.T.);
#2577 = EDGE_CURVE('',#2549,#2498,#2578,.T.);
#2578 = SURFACE_CURVE('',#2579,(#2584,#2595),.PCURVE_S1.);
#2579 = ELLIPSE('',#2580,3.042966792301,2.8);
#2580 = AXIS2_PLACEMENT_3D('',#2581,#2582,#2583);
#2581 = CARTESIAN_POINT('',(63.059374645311,3.338302282334,2.5));
#2582 = DIRECTION('',(0.,0.,1.));
#2583 = DIRECTION('',(0.923879532511,0.382683432365,-0.));
#2584 = PCURVE('',#868,#2585);
#2585 = DEFINITIONAL_REPRESENTATION('',(#2586),#2594);
#2586 = B_SPLINE_CURVE_WITH_KNOTS('',6,(#2587,#2588,#2589,#2590,#2591,
    #2592,#2593),.UNSPECIFIED.,.F.,.F.,(7,7),(5.404451481103,
    6.28318530718),.PIECEWISE_BEZIER_KNOTS.);
#2587 = CARTESIAN_POINT('',(5.404451481103,-5.999999963535E-07));
#2588 = CARTESIAN_POINT('',(5.550907118783,0.134352707093));
#2589 = CARTESIAN_POINT('',(5.697362756462,0.24913577976));
#2590 = CARTESIAN_POINT('',(5.843818394141,0.339163328902));
#2591 = CARTESIAN_POINT('',(5.990274031821,0.400500143113));
#2592 = CARTESIAN_POINT('',(6.1367296695,0.431167798522));
#2593 = CARTESIAN_POINT('',(6.28318530718,0.431167798522));
#2594 = ( GEOMETRIC_REPRESENTATION_CONTEXT(2) 
PARAMETRIC_REPRESENTATION_CONTEXT() REPRESENTATION_CONTEXT('2D SPACE',''
  ) );
#2595 = PCURVE('',#1006,#2596);
#2596 = DEFINITIONAL_REPRESENTATION('',(#2597),#2601);
#2597 = ELLIPSE('',#2598,3.042966792301,2.8);
#2598 = AXIS2_PLACEMENT_2D('',#2599,#2600);
#2599 = CARTESIAN_POINT('',(-10.66169771766,-4.559374645311));
#2600 = DIRECTION('',(0.382683432365,-0.923879532511));
#2601 = ( GEOMETRIC_REPRESENTATION_CONTEXT(2) 
PARAMETRIC_REPRESENTATION_CONTEXT() REPRESENTATION_CONTEXT('2D SPACE',''
  ) );
#2602 = ORIENTED_EDGE('',*,*,#2497,.T.);
#2603 = ADVANCED_FACE('',(#2604),#926,.F.);
#2604 = FACE_BOUND('',#2605,.F.);
#2605 = EDGE_LOOP('',(#2606,#2607,#2630,#2658,#2687,#2713));
#2606 = ORIENTED_EDGE('',*,*,#909,.F.);
#2607 = ORIENTED_EDGE('',*,*,#2608,.F.);
#2608 = EDGE_CURVE('',#2609,#910,#2611,.T.);
#2609 = VERTEX_POINT('',#2610);
#2610 = CARTESIAN_POINT('',(59.502795258985,10.87070938283,2.5));
#2611 = SEAM_CURVE('',#2612,(#2616,#2623),.PCURVE_S1.);
#2612 = LINE('',#2613,#2614);
#2613 = CARTESIAN_POINT('',(59.438188354212,10.714734517104,
    2.103258951456));
#2614 = VECTOR('',#2615,1.);
#2615 = DIRECTION('',(0.149841674157,0.361749801959,0.920154635629));
#2616 = PCURVE('',#926,#2617);
#2617 = DEFINITIONAL_REPRESENTATION('',(#2618),#2622);
#2618 = LINE('',#2619,#2620);
#2619 = CARTESIAN_POINT('',(6.28318530718,-0.));
#2620 = VECTOR('',#2621,1.);
#2621 = DIRECTION('',(0.,1.));
#2622 = ( GEOMETRIC_REPRESENTATION_CONTEXT(2) 
PARAMETRIC_REPRESENTATION_CONTEXT() REPRESENTATION_CONTEXT('2D SPACE',''
  ) );
#2623 = PCURVE('',#926,#2624);
#2624 = DEFINITIONAL_REPRESENTATION('',(#2625),#2629);
#2625 = LINE('',#2626,#2627);
#2626 = CARTESIAN_POINT('',(0.,-0.));
#2627 = VECTOR('',#2628,1.);
#2628 = DIRECTION('',(0.,1.));
#2629 = ( GEOMETRIC_REPRESENTATION_CONTEXT(2) 
PARAMETRIC_REPRESENTATION_CONTEXT() REPRESENTATION_CONTEXT('2D SPACE',''
  ) );
#2630 = ORIENTED_EDGE('',*,*,#2631,.T.);
#2631 = EDGE_CURVE('',#2609,#2632,#2634,.T.);
#2632 = VERTEX_POINT('',#2633);
#2633 = CARTESIAN_POINT('',(57.089690685961,10.678354973768,2.5));
#2634 = SURFACE_CURVE('',#2635,(#2640,#2651),.PCURVE_S1.);
#2635 = ELLIPSE('',#2636,3.042966792301,2.8);
#2636 = AXIS2_PLACEMENT_3D('',#2637,#2638,#2639);
#2637 = CARTESIAN_POINT('',(58.338302282334,8.059374645311,2.5));
#2638 = DIRECTION('',(0.,0.,1.));
#2639 = DIRECTION('',(0.382683432365,0.923879532511,-0.));
#2640 = PCURVE('',#926,#2641);
#2641 = DEFINITIONAL_REPRESENTATION('',(#2642),#2650);
#2642 = B_SPLINE_CURVE_WITH_KNOTS('',6,(#2643,#2644,#2645,#2646,#2647,
    #2648,#2649),.UNSPECIFIED.,.F.,.F.,(7,7),(0.,0.878733826076),
  .PIECEWISE_BEZIER_KNOTS.);
#2643 = CARTESIAN_POINT('',(-2.6645352591E-15,0.431167798522));
#2644 = CARTESIAN_POINT('',(0.146455637679,0.431167798522));
#2645 = CARTESIAN_POINT('',(0.292911275359,0.400500143113));
#2646 = CARTESIAN_POINT('',(0.439366913038,0.339163328902));
#2647 = CARTESIAN_POINT('',(0.585822550718,0.249135779761));
#2648 = CARTESIAN_POINT('',(0.732278188397,0.134352707093));
#2649 = CARTESIAN_POINT('',(0.878733826076,-5.999999981299E-07));
#2650 = ( GEOMETRIC_REPRESENTATION_CONTEXT(2) 
PARAMETRIC_REPRESENTATION_CONTEXT() REPRESENTATION_CONTEXT('2D SPACE',''
  ) );
#2651 = PCURVE('',#1006,#2652);
#2652 = DEFINITIONAL_REPRESENTATION('',(#2653),#2657);
#2653 = ELLIPSE('',#2654,3.042966792301,2.8);
#2654 = AXIS2_PLACEMENT_2D('',#2655,#2656);
#2655 = CARTESIAN_POINT('',(-5.940625354689,0.161697717666));
#2656 = DIRECTION('',(0.923879532511,-0.382683432365));
#2657 = ( GEOMETRIC_REPRESENTATION_CONTEXT(2) 
PARAMETRIC_REPRESENTATION_CONTEXT() REPRESENTATION_CONTEXT('2D SPACE',''
  ) );
#2658 = ORIENTED_EDGE('',*,*,#2659,.T.);
#2659 = EDGE_CURVE('',#2632,#2660,#2662,.T.);
#2660 = VERTEX_POINT('',#2661);
#2661 = CARTESIAN_POINT('',(61.073102759242,9.028371668494,2.5));
#2662 = SURFACE_CURVE('',#2663,(#2668,#2675),.PCURVE_S1.);
#2663 = CIRCLE('',#2664,2.8);
#2664 = AXIS2_PLACEMENT_3D('',#2665,#2666,#2667);
#2665 = CARTESIAN_POINT('',(58.452230138258,8.334420820216,
    3.199613410929));
#2666 = DIRECTION('',(0.149841674157,0.361749801959,0.920154635629));
#2667 = DIRECTION('',(0.352127934269,0.850112034603,-0.391555164097));
#2668 = PCURVE('',#926,#2669);
#2669 = DEFINITIONAL_REPRESENTATION('',(#2670),#2674);
#2670 = LINE('',#2671,#2672);
#2671 = CARTESIAN_POINT('',(0.,0.));
#2672 = VECTOR('',#2673,1.);
#2673 = DIRECTION('',(1.,0.));
#2674 = ( GEOMETRIC_REPRESENTATION_CONTEXT(2) 
PARAMETRIC_REPRESENTATION_CONTEXT() REPRESENTATION_CONTEXT('2D SPACE',''
  ) );
#2675 = PCURVE('',#2676,#2681);
#2676 = PLANE('',#2677);
#2677 = AXIS2_PLACEMENT_3D('',#2678,#2679,#2680);
#2678 = CARTESIAN_POINT('',(58.452230138258,8.334420820216,
    3.199613410929));
#2679 = DIRECTION('',(0.149841674157,0.361749801959,0.920154635629));
#2680 = DIRECTION('',(0.352127934269,0.850112034603,-0.391555164097));
#2681 = DEFINITIONAL_REPRESENTATION('',(#2682),#2686);
#2682 = CIRCLE('',#2683,2.8);
#2683 = AXIS2_PLACEMENT_2D('',#2684,#2685);
#2684 = CARTESIAN_POINT('',(0.,0.));
#2685 = DIRECTION('',(1.,0.));
#2686 = ( GEOMETRIC_REPRESENTATION_CONTEXT(2) 
PARAMETRIC_REPRESENTATION_CONTEXT() REPRESENTATION_CONTEXT('2D SPACE',''
  ) );
#2687 = ORIENTED_EDGE('',*,*,#2688,.T.);
#2688 = EDGE_CURVE('',#2660,#2609,#2689,.T.);
#2689 = SURFACE_CURVE('',#2690,(#2695,#2706),.PCURVE_S1.);
#2690 = ELLIPSE('',#2691,3.042966792301,2.8);
#2691 = AXIS2_PLACEMENT_3D('',#2692,#2693,#2694);
#2692 = CARTESIAN_POINT('',(58.338302282334,8.059374645311,2.5));
#2693 = DIRECTION('',(0.,0.,1.));
#2694 = DIRECTION('',(0.382683432365,0.923879532511,-0.));
#2695 = PCURVE('',#926,#2696);
#2696 = DEFINITIONAL_REPRESENTATION('',(#2697),#2705);
#2697 = B_SPLINE_CURVE_WITH_KNOTS('',6,(#2698,#2699,#2700,#2701,#2702,
    #2703,#2704),.UNSPECIFIED.,.F.,.F.,(7,7),(5.404451481103,
    6.28318530718),.PIECEWISE_BEZIER_KNOTS.);
#2698 = CARTESIAN_POINT('',(5.404451481103,-5.999999981299E-07));
#2699 = CARTESIAN_POINT('',(5.550907118783,0.134352707093));
#2700 = CARTESIAN_POINT('',(5.697362756462,0.249135779761));
#2701 = CARTESIAN_POINT('',(5.843818394142,0.339163328902));
#2702 = CARTESIAN_POINT('',(5.990274031821,0.400500143113));
#2703 = CARTESIAN_POINT('',(6.1367296695,0.431167798522));
#2704 = CARTESIAN_POINT('',(6.28318530718,0.431167798522));
#2705 = ( GEOMETRIC_REPRESENTATION_CONTEXT(2) 
PARAMETRIC_REPRESENTATION_CONTEXT() REPRESENTATION_CONTEXT('2D SPACE',''
  ) );
#2706 = PCURVE('',#1006,#2707);
#2707 = DEFINITIONAL_REPRESENTATION('',(#2708),#2712);
#2708 = ELLIPSE('',#2709,3.042966792301,2.8);
#2709 = AXIS2_PLACEMENT_2D('',#2710,#2711);
#2710 = CARTESIAN_POINT('',(-5.940625354689,0.161697717666));
#2711 = DIRECTION('',(0.923879532511,-0.382683432365));
#2712 = ( GEOMETRIC_REPRESENTATION_CONTEXT(2) 
PARAMETRIC_REPRESENTATION_CONTEXT() REPRESENTATION_CONTEXT('2D SPACE',''
  ) );
#2713 = ORIENTED_EDGE('',*,*,#2608,.T.);
#2714 = ADVANCED_FACE('',(#2715),#1076,.T.);
#2715 = FACE_BOUND('',#2716,.T.);
#2716 = EDGE_LOOP('',(#2717,#2718));
#2717 = ORIENTED_EDGE('',*,*,#1059,.T.);
#2718 = ORIENTED_EDGE('',*,*,#1161,.T.);
#2719 = ADVANCED_FACE('',(#2720,#2734,#2765,#2788,#2811,#2834,#2865,
    #2888,#2911,#2934,#2965,#2988,#3011),#1006,.F.);
#2720 = FACE_BOUND('',#2721,.F.);
#2721 = EDGE_LOOP('',(#2722,#2723,#2724,#2725,#2726,#2727,#2728,#2729,
    #2730,#2731,#2732,#2733));
#2722 = ORIENTED_EDGE('',*,*,#1242,.F.);
#2723 = ORIENTED_EDGE('',*,*,#1339,.T.);
#2724 = ORIENTED_EDGE('',*,*,#1436,.T.);
#2725 = ORIENTED_EDGE('',*,*,#1581,.T.);
#2726 = ORIENTED_EDGE('',*,*,#1677,.F.);
#2727 = ORIENTED_EDGE('',*,*,#1725,.T.);
#2728 = ORIENTED_EDGE('',*,*,#1485,.T.);
#2729 = ORIENTED_EDGE('',*,*,#1410,.T.);
#2730 = ORIENTED_EDGE('',*,*,#1289,.F.);
#2731 = ORIENTED_EDGE('',*,*,#989,.T.);
#2732 = ORIENTED_EDGE('',*,*,#1111,.T.);
#2733 = ORIENTED_EDGE('',*,*,#1213,.F.);
#2734 = FACE_BOUND('',#2735,.F.);
#2735 = EDGE_LOOP('',(#2736));
#2736 = ORIENTED_EDGE('',*,*,#2737,.F.);
#2737 = EDGE_CURVE('',#2738,#2738,#2740,.T.);
#2738 = VERTEX_POINT('',#2739);
#2739 = CARTESIAN_POINT('',(74.320508075689,-10.,2.5));
#2740 = SURFACE_CURVE('',#2741,(#2746,#2753),.PCURVE_S1.);
#2741 = CIRCLE('',#2742,2.);
#2742 = AXIS2_PLACEMENT_3D('',#2743,#2744,#2745);
#2743 = CARTESIAN_POINT('',(72.320508075689,-10.,2.5));
#2744 = DIRECTION('',(0.,0.,1.));
#2745 = DIRECTION('',(1.,0.,-0.));
#2746 = PCURVE('',#1006,#2747);
#2747 = DEFINITIONAL_REPRESENTATION('',(#2748),#2752);
#2748 = CIRCLE('',#2749,2.);
#2749 = AXIS2_PLACEMENT_2D('',#2750,#2751);
#2750 = CARTESIAN_POINT('',(-24.,-13.82050807568));
#2751 = DIRECTION('',(2.22044604925E-16,-1.));
#2752 = ( GEOMETRIC_REPRESENTATION_CONTEXT(2) 
PARAMETRIC_REPRESENTATION_CONTEXT() REPRESENTATION_CONTEXT('2D SPACE',''
  ) );
#2753 = PCURVE('',#2754,#2759);
#2754 = CYLINDRICAL_SURFACE('',#2755,2.);
#2755 = AXIS2_PLACEMENT_3D('',#2756,#2757,#2758);
#2756 = CARTESIAN_POINT('',(72.320508075689,-10.,2.4));
#2757 = DIRECTION('',(0.,0.,1.));
#2758 = DIRECTION('',(1.,0.,-0.));
#2759 = DEFINITIONAL_REPRESENTATION('',(#2760),#2764);
#2760 = LINE('',#2761,#2762);
#2761 = CARTESIAN_POINT('',(0.,1.E-01));
#2762 = VECTOR('',#2763,1.);
#2763 = DIRECTION('',(1.,0.));
#2764 = ( GEOMETRIC_REPRESENTATION_CONTEXT(2) 
PARAMETRIC_REPRESENTATION_CONTEXT() REPRESENTATION_CONTEXT('2D SPACE',''
  ) );
#2765 = FACE_BOUND('',#2766,.F.);
#2766 = EDGE_LOOP('',(#2767,#2768,#2769));
#2767 = ORIENTED_EDGE('',*,*,#2132,.F.);
#2768 = ORIENTED_EDGE('',*,*,#2189,.F.);
#2769 = ORIENTED_EDGE('',*,*,#2770,.T.);
#2770 = EDGE_CURVE('',#2161,#2133,#2771,.T.);
#2771 = SURFACE_CURVE('',#2772,(#2776,#2782),.PCURVE_S1.);
#2772 = LINE('',#2773,#2774);
#2773 = CARTESIAN_POINT('',(67.584518621745,2.512195445089,2.5));
#2774 = VECTOR('',#2775,1.);
#2775 = DIRECTION('',(0.382683432365,0.923879532511,-0.));
#2776 = PCURVE('',#1006,#2777);
#2777 = DEFINITIONAL_REPRESENTATION('',(#2778),#2781);
#2778 = B_SPLINE_CURVE_WITH_KNOTS('',1,(#2779,#2780),.UNSPECIFIED.,.F.,
  .F.,(2,2),(-9.936852734218,-4.336852734218),.PIECEWISE_BEZIER_KNOTS.);
#2779 = CARTESIAN_POINT('',(-20.66825941363,-5.281849710508));
#2780 = CARTESIAN_POINT('',(-15.49453403157,-7.424876931753));
#2781 = ( GEOMETRIC_REPRESENTATION_CONTEXT(2) 
PARAMETRIC_REPRESENTATION_CONTEXT() REPRESENTATION_CONTEXT('2D SPACE',''
  ) );
#2782 = PCURVE('',#2177,#2783);
#2783 = DEFINITIONAL_REPRESENTATION('',(#2784),#2787);
#2784 = B_SPLINE_CURVE_WITH_KNOTS('',1,(#2785,#2786),.UNSPECIFIED.,.F.,
  .F.,(2,2),(-9.936852734218,-4.336852734218),.PIECEWISE_BEZIER_KNOTS.);
#2785 = CARTESIAN_POINT('',(1.786755673473,-2.8));
#2786 = CARTESIAN_POINT('',(1.786755673473,2.8));
#2787 = ( GEOMETRIC_REPRESENTATION_CONTEXT(2) 
PARAMETRIC_REPRESENTATION_CONTEXT() REPRESENTATION_CONTEXT('2D SPACE',''
  ) );
#2788 = FACE_BOUND('',#2789,.F.);
#2789 = EDGE_LOOP('',(#2790,#2791,#2792));
#2790 = ORIENTED_EDGE('',*,*,#2520,.F.);
#2791 = ORIENTED_EDGE('',*,*,#2577,.F.);
#2792 = ORIENTED_EDGE('',*,*,#2793,.T.);
#2793 = EDGE_CURVE('',#2549,#2521,#2794,.T.);
#2794 = SURFACE_CURVE('',#2795,(#2799,#2805),.PCURVE_S1.);
#2795 = LINE('',#2796,#2797);
#2796 = CARTESIAN_POINT('',(62.634771153439,9.437552023217,2.5));
#2797 = VECTOR('',#2798,1.);
#2798 = DIRECTION('',(-0.382683432365,0.923879532511,0.));
#2799 = PCURVE('',#1006,#2800);
#2800 = DEFINITIONAL_REPRESENTATION('',(#2801),#2804);
#2801 = B_SPLINE_CURVE_WITH_KNOTS('',1,(#2802,#2803),.UNSPECIFIED.,.F.,
  .F.,(2,2),(-8.59746072094,-2.99746072094),.PIECEWISE_BEZIER_KNOTS.);
#2802 = CARTESIAN_POINT('',(-12.50546596843,-7.424876931753));
#2803 = CARTESIAN_POINT('',(-7.331740586366,-5.281849710508));
#2804 = ( GEOMETRIC_REPRESENTATION_CONTEXT(2) 
PARAMETRIC_REPRESENTATION_CONTEXT() REPRESENTATION_CONTEXT('2D SPACE',''
  ) );
#2805 = PCURVE('',#2565,#2806);
#2806 = DEFINITIONAL_REPRESENTATION('',(#2807),#2810);
#2807 = B_SPLINE_CURVE_WITH_KNOTS('',1,(#2808,#2809),.UNSPECIFIED.,.F.,
  .F.,(2,2),(-8.59746072094,-2.99746072094),.PIECEWISE_BEZIER_KNOTS.);
#2808 = CARTESIAN_POINT('',(1.786755673473,-2.8));
#2809 = CARTESIAN_POINT('',(1.786755673473,2.8));
#2810 = ( GEOMETRIC_REPRESENTATION_CONTEXT(2) 
PARAMETRIC_REPRESENTATION_CONTEXT() REPRESENTATION_CONTEXT('2D SPACE',''
  ) );
#2811 = FACE_BOUND('',#2812,.F.);
#2812 = EDGE_LOOP('',(#2813,#2814,#2815));
#2813 = ORIENTED_EDGE('',*,*,#2021,.F.);
#2814 = ORIENTED_EDGE('',*,*,#2078,.F.);
#2815 = ORIENTED_EDGE('',*,*,#2816,.T.);
#2816 = EDGE_CURVE('',#2050,#2022,#2817,.T.);
#2817 = SURFACE_CURVE('',#2818,(#2822,#2828),.PCURVE_S1.);
#2818 = LINE('',#2819,#2820);
#2819 = CARTESIAN_POINT('',(63.049988890293,-8.209518621745,2.5));
#2820 = VECTOR('',#2821,1.);
#2821 = DIRECTION('',(0.923879532511,0.382683432365,-0.));
#2822 = PCURVE('',#1006,#2823);
#2823 = DEFINITIONAL_REPRESENTATION('',(#2824),#2827);
#2824 = B_SPLINE_CURVE_WITH_KNOTS('',1,(#2825,#2826),.UNSPECIFIED.,.F.,
  .F.,(2,2),(-7.09557320845,-1.49557320845),.PIECEWISE_BEZIER_KNOTS.);
#2825 = CARTESIAN_POINT('',(-24.92487693175,2.00546596843));
#2826 = CARTESIAN_POINT('',(-22.7818497105,-3.168259413634));
#2827 = ( GEOMETRIC_REPRESENTATION_CONTEXT(2) 
PARAMETRIC_REPRESENTATION_CONTEXT() REPRESENTATION_CONTEXT('2D SPACE',''
  ) );
#2828 = PCURVE('',#2066,#2829);
#2829 = DEFINITIONAL_REPRESENTATION('',(#2830),#2833);
#2830 = B_SPLINE_CURVE_WITH_KNOTS('',1,(#2831,#2832),.UNSPECIFIED.,.F.,
  .F.,(2,2),(-7.09557320845,-1.49557320845),.PIECEWISE_BEZIER_KNOTS.);
#2831 = CARTESIAN_POINT('',(1.786755673473,-2.8));
#2832 = CARTESIAN_POINT('',(1.786755673473,2.8));
#2833 = ( GEOMETRIC_REPRESENTATION_CONTEXT(2) 
PARAMETRIC_REPRESENTATION_CONTEXT() REPRESENTATION_CONTEXT('2D SPACE',''
  ) );
#2834 = FACE_BOUND('',#2835,.F.);
#2835 = EDGE_LOOP('',(#2836));
#2836 = ORIENTED_EDGE('',*,*,#2837,.F.);
#2837 = EDGE_CURVE('',#2838,#2838,#2840,.T.);
#2838 = VERTEX_POINT('',#2839);
#2839 = CARTESIAN_POINT('',(58.5,-8.572527594031E-16,2.5));
#2840 = SURFACE_CURVE('',#2841,(#2846,#2853),.PCURVE_S1.);
#2841 = CIRCLE('',#2842,3.5);
#2842 = AXIS2_PLACEMENT_3D('',#2843,#2844,#2845);
#2843 = CARTESIAN_POINT('',(55.,0.,2.5));
#2844 = DIRECTION('',(0.,0.,1.));
#2845 = DIRECTION('',(1.,0.,-0.));
#2846 = PCURVE('',#1006,#2847);
#2847 = DEFINITIONAL_REPRESENTATION('',(#2848),#2852);
#2848 = CIRCLE('',#2849,3.5);
#2849 = AXIS2_PLACEMENT_2D('',#2850,#2851);
#2850 = CARTESIAN_POINT('',(-14.,3.5));
#2851 = DIRECTION('',(2.22044604925E-16,-1.));
#2852 = ( GEOMETRIC_REPRESENTATION_CONTEXT(2) 
PARAMETRIC_REPRESENTATION_CONTEXT() REPRESENTATION_CONTEXT('2D SPACE',''
  ) );
#2853 = PCURVE('',#2854,#2859);
#2854 = CYLINDRICAL_SURFACE('',#2855,3.5);
#2855 = AXIS2_PLACEMENT_3D('',#2856,#2857,#2858);
#2856 = CARTESIAN_POINT('',(55.,0.,2.));
#2857 = DIRECTION('',(0.,0.,1.));
#2858 = DIRECTION('',(1.,0.,-0.));
#2859 = DEFINITIONAL_REPRESENTATION('',(#2860),#2864);
#2860 = LINE('',#2861,#2862);
#2861 = CARTESIAN_POINT('',(0.,0.5));
#2862 = VECTOR('',#2863,1.);
#2863 = DIRECTION('',(1.,0.));
#2864 = ( GEOMETRIC_REPRESENTATION_CONTEXT(2) 
PARAMETRIC_REPRESENTATION_CONTEXT() REPRESENTATION_CONTEXT('2D SPACE',''
  ) );
#2865 = FACE_BOUND('',#2866,.F.);
#2866 = EDGE_LOOP('',(#2867,#2868,#2869));
#2867 = ORIENTED_EDGE('',*,*,#2631,.F.);
#2868 = ORIENTED_EDGE('',*,*,#2688,.F.);
#2869 = ORIENTED_EDGE('',*,*,#2870,.T.);
#2870 = EDGE_CURVE('',#2660,#2632,#2871,.T.);
#2871 = SURFACE_CURVE('',#2872,(#2876,#2882),.PCURVE_S1.);
#2872 = LINE('',#2873,#2874);
#2873 = CARTESIAN_POINT('',(58.100241421987,10.259771153439,2.5));
#2874 = VECTOR('',#2875,1.);
#2875 = DIRECTION('',(-0.923879532511,0.382683432365,0.));
#2876 = PCURVE('',#1006,#2877);
#2877 = DEFINITIONAL_REPRESENTATION('',(#2878),#2881);
#2878 = B_SPLINE_CURVE_WITH_KNOTS('',1,(#2879,#2880),.UNSPECIFIED.,.F.,
  .F.,(2,2),(-3.861994844661,1.738005155339),.PIECEWISE_BEZIER_KNOTS.);
#2879 = CARTESIAN_POINT('',(-5.218150289492,-3.168259413634));
#2880 = CARTESIAN_POINT('',(-3.075123068247,2.00546596843));
#2881 = ( GEOMETRIC_REPRESENTATION_CONTEXT(2) 
PARAMETRIC_REPRESENTATION_CONTEXT() REPRESENTATION_CONTEXT('2D SPACE',''
  ) );
#2882 = PCURVE('',#2676,#2883);
#2883 = DEFINITIONAL_REPRESENTATION('',(#2884),#2887);
#2884 = B_SPLINE_CURVE_WITH_KNOTS('',1,(#2885,#2886),.UNSPECIFIED.,.F.,
  .F.,(2,2),(-3.861994844661,1.738005155339),.PIECEWISE_BEZIER_KNOTS.);
#2885 = CARTESIAN_POINT('',(1.786755673473,-2.8));
#2886 = CARTESIAN_POINT('',(1.786755673473,2.8));
#2887 = ( GEOMETRIC_REPRESENTATION_CONTEXT(2) 
PARAMETRIC_REPRESENTATION_CONTEXT() REPRESENTATION_CONTEXT('2D SPACE',''
  ) );
#2888 = FACE_BOUND('',#2889,.F.);
#2889 = EDGE_LOOP('',(#2890,#2891,#2892));
#2890 = ORIENTED_EDGE('',*,*,#1799,.F.);
#2891 = ORIENTED_EDGE('',*,*,#1856,.F.);
#2892 = ORIENTED_EDGE('',*,*,#2893,.T.);
#2893 = EDGE_CURVE('',#1828,#1800,#2894,.T.);
#2894 = SURFACE_CURVE('',#2895,(#2899,#2905),.PCURVE_S1.);
#2895 = LINE('',#2896,#2897);
#2896 = CARTESIAN_POINT('',(49.937447976783,-9.446955488822,2.5));
#2897 = VECTOR('',#2898,1.);
#2898 = DIRECTION('',(0.923879532511,-0.382683432365,0.));
#2899 = PCURVE('',#1006,#2900);
#2900 = DEFINITIONAL_REPRESENTATION('',(#2901),#2904);
#2901 = B_SPLINE_CURVE_WITH_KNOTS('',1,(#2902,#2903),.UNSPECIFIED.,.F.,
  .F.,(2,2),(-1.738005155339,3.861994844661),.PIECEWISE_BEZIER_KNOTS.);
#2902 = CARTESIAN_POINT('',(-22.7818497105,10.168259413634));
#2903 = CARTESIAN_POINT('',(-24.92487693175,4.99453403157));
#2904 = ( GEOMETRIC_REPRESENTATION_CONTEXT(2) 
PARAMETRIC_REPRESENTATION_CONTEXT() REPRESENTATION_CONTEXT('2D SPACE',''
  ) );
#2905 = PCURVE('',#1844,#2906);
#2906 = DEFINITIONAL_REPRESENTATION('',(#2907),#2910);
#2907 = B_SPLINE_CURVE_WITH_KNOTS('',1,(#2908,#2909),.UNSPECIFIED.,.F.,
  .F.,(2,2),(-1.738005155339,3.861994844661),.PIECEWISE_BEZIER_KNOTS.);
#2908 = CARTESIAN_POINT('',(1.786755673473,-2.8));
#2909 = CARTESIAN_POINT('',(1.786755673473,2.8));
#2910 = ( GEOMETRIC_REPRESENTATION_CONTEXT(2) 
PARAMETRIC_REPRESENTATION_CONTEXT() REPRESENTATION_CONTEXT('2D SPACE',''
  ) );
#2911 = FACE_BOUND('',#2912,.F.);
#2912 = EDGE_LOOP('',(#2913,#2914,#2915));
#2913 = ORIENTED_EDGE('',*,*,#1910,.F.);
#2914 = ORIENTED_EDGE('',*,*,#1967,.F.);
#2915 = ORIENTED_EDGE('',*,*,#2916,.T.);
#2916 = EDGE_CURVE('',#1939,#1911,#2917,.T.);
#2917 = SURFACE_CURVE('',#2918,(#2922,#2928),.PCURVE_S1.);
#2918 = LINE('',#2919,#2920);
#2919 = CARTESIAN_POINT('',(42.928044511178,1.274758578013,2.5));
#2920 = VECTOR('',#2921,1.);
#2921 = DIRECTION('',(0.382683432365,-0.923879532511,0.));
#2922 = PCURVE('',#1006,#2923);
#2923 = DEFINITIONAL_REPRESENTATION('',(#2924),#2927);
#2924 = B_SPLINE_CURVE_WITH_KNOTS('',1,(#2925,#2926),.UNSPECIFIED.,.F.,
  .F.,(2,2),(2.99746072094,8.59746072094),.PIECEWISE_BEZIER_KNOTS.);
#2925 = CARTESIAN_POINT('',(-15.49453403157,14.424876931753));
#2926 = CARTESIAN_POINT('',(-20.66825941363,12.281849710508));
#2927 = ( GEOMETRIC_REPRESENTATION_CONTEXT(2) 
PARAMETRIC_REPRESENTATION_CONTEXT() REPRESENTATION_CONTEXT('2D SPACE',''
  ) );
#2928 = PCURVE('',#1955,#2929);
#2929 = DEFINITIONAL_REPRESENTATION('',(#2930),#2933);
#2930 = B_SPLINE_CURVE_WITH_KNOTS('',1,(#2931,#2932),.UNSPECIFIED.,.F.,
  .F.,(2,2),(2.99746072094,8.59746072094),.PIECEWISE_BEZIER_KNOTS.);
#2931 = CARTESIAN_POINT('',(1.786755673473,-2.8));
#2932 = CARTESIAN_POINT('',(1.786755673473,2.8));
#2933 = ( GEOMETRIC_REPRESENTATION_CONTEXT(2) 
PARAMETRIC_REPRESENTATION_CONTEXT() REPRESENTATION_CONTEXT('2D SPACE',''
  ) );
#2934 = FACE_BOUND('',#2935,.F.);
#2935 = EDGE_LOOP('',(#2936));
#2936 = ORIENTED_EDGE('',*,*,#2937,.F.);
#2937 = EDGE_CURVE('',#2938,#2938,#2940,.T.);
#2938 = VERTEX_POINT('',#2939);
#2939 = CARTESIAN_POINT('',(39.679491924311,-10.,2.5));
#2940 = SURFACE_CURVE('',#2941,(#2946,#2953),.PCURVE_S1.);
#2941 = CIRCLE('',#2942,2.);
#2942 = AXIS2_PLACEMENT_3D('',#2943,#2944,#2945);
#2943 = CARTESIAN_POINT('',(37.679491924311,-10.,2.5));
#2944 = DIRECTION('',(0.,0.,1.));
#2945 = DIRECTION('',(1.,0.,-0.));
#2946 = PCURVE('',#1006,#2947);
#2947 = DEFINITIONAL_REPRESENTATION('',(#2948),#2952);
#2948 = CIRCLE('',#2949,2.);
#2949 = AXIS2_PLACEMENT_2D('',#2950,#2951);
#2950 = CARTESIAN_POINT('',(-24.,20.820508075689));
#2951 = DIRECTION('',(2.22044604925E-16,-1.));
#2952 = ( GEOMETRIC_REPRESENTATION_CONTEXT(2) 
PARAMETRIC_REPRESENTATION_CONTEXT() REPRESENTATION_CONTEXT('2D SPACE',''
  ) );
#2953 = PCURVE('',#2954,#2959);
#2954 = CYLINDRICAL_SURFACE('',#2955,2.);
#2955 = AXIS2_PLACEMENT_3D('',#2956,#2957,#2958);
#2956 = CARTESIAN_POINT('',(37.679491924311,-10.,2.4));
#2957 = DIRECTION('',(0.,0.,1.));
#2958 = DIRECTION('',(1.,0.,-0.));
#2959 = DEFINITIONAL_REPRESENTATION('',(#2960),#2964);
#2960 = LINE('',#2961,#2962);
#2961 = CARTESIAN_POINT('',(0.,1.E-01));
#2962 = VECTOR('',#2963,1.);
#2963 = DIRECTION('',(1.,0.));
#2964 = ( GEOMETRIC_REPRESENTATION_CONTEXT(2) 
PARAMETRIC_REPRESENTATION_CONTEXT() REPRESENTATION_CONTEXT('2D SPACE',''
  ) );
#2965 = FACE_BOUND('',#2966,.F.);
#2966 = EDGE_LOOP('',(#2967,#2968,#2969));
#2967 = ORIENTED_EDGE('',*,*,#2243,.F.);
#2968 = ORIENTED_EDGE('',*,*,#2300,.F.);
#2969 = ORIENTED_EDGE('',*,*,#2970,.T.);
#2970 = EDGE_CURVE('',#2272,#2244,#2971,.T.);
#2971 = SURFACE_CURVE('',#2972,(#2976,#2982),.PCURVE_S1.);
#2972 = LINE('',#2973,#2974);
#2973 = CARTESIAN_POINT('',(47.877791979484,10.674988890293,2.5));
#2974 = VECTOR('',#2975,1.);
#2975 = DIRECTION('',(-0.382683432365,-0.923879532511,0.));
#2976 = PCURVE('',#1006,#2977);
#2977 = DEFINITIONAL_REPRESENTATION('',(#2978),#2981);
#2978 = B_SPLINE_CURVE_WITH_KNOTS('',1,(#2979,#2980),.UNSPECIFIED.,.F.,
  .F.,(2,2),(4.336852734218,9.936852734218),.PIECEWISE_BEZIER_KNOTS.);
#2979 = CARTESIAN_POINT('',(-7.331740586366,12.281849710508));
#2980 = CARTESIAN_POINT('',(-12.50546596843,14.424876931753));
#2981 = ( GEOMETRIC_REPRESENTATION_CONTEXT(2) 
PARAMETRIC_REPRESENTATION_CONTEXT() REPRESENTATION_CONTEXT('2D SPACE',''
  ) );
#2982 = PCURVE('',#2288,#2983);
#2983 = DEFINITIONAL_REPRESENTATION('',(#2984),#2987);
#2984 = B_SPLINE_CURVE_WITH_KNOTS('',1,(#2985,#2986),.UNSPECIFIED.,.F.,
  .F.,(2,2),(4.336852734218,9.936852734218),.PIECEWISE_BEZIER_KNOTS.);
#2985 = CARTESIAN_POINT('',(1.786755673473,-2.8));
#2986 = CARTESIAN_POINT('',(1.786755673473,2.8));
#2987 = ( GEOMETRIC_REPRESENTATION_CONTEXT(2) 
PARAMETRIC_REPRESENTATION_CONTEXT() REPRESENTATION_CONTEXT('2D SPACE',''
  ) );
#2988 = FACE_BOUND('',#2989,.F.);
#2989 = EDGE_LOOP('',(#2990,#2991,#2992));
#2990 = ORIENTED_EDGE('',*,*,#2409,.F.);
#2991 = ORIENTED_EDGE('',*,*,#2466,.F.);
#2992 = ORIENTED_EDGE('',*,*,#2993,.T.);
#2993 = EDGE_CURVE('',#2438,#2410,#2994,.T.);
#2994 = SURFACE_CURVE('',#2995,(#2999,#3005),.PCURVE_S1.);
#2995 = LINE('',#2996,#2997);
#2996 = CARTESIAN_POINT('',(54.887195445089,11.497208020516,2.5));
#2997 = VECTOR('',#2998,1.);
#2998 = DIRECTION('',(-0.923879532511,-0.382683432365,0.));
#2999 = PCURVE('',#1006,#3000);
#3000 = DEFINITIONAL_REPRESENTATION('',(#3001),#3004);
#3001 = B_SPLINE_CURVE_WITH_KNOTS('',1,(#3002,#3003),.UNSPECIFIED.,.F.,
  .F.,(2,2),(1.49557320845,7.09557320845),.PIECEWISE_BEZIER_KNOTS.);
#3002 = CARTESIAN_POINT('',(-3.075123068247,4.99453403157));
#3003 = CARTESIAN_POINT('',(-5.218150289492,10.168259413634));
#3004 = ( GEOMETRIC_REPRESENTATION_CONTEXT(2) 
PARAMETRIC_REPRESENTATION_CONTEXT() REPRESENTATION_CONTEXT('2D SPACE',''
  ) );
#3005 = PCURVE('',#2454,#3006);
#3006 = DEFINITIONAL_REPRESENTATION('',(#3007),#3010);
#3007 = B_SPLINE_CURVE_WITH_KNOTS('',1,(#3008,#3009),.UNSPECIFIED.,.F.,
  .F.,(2,2),(1.49557320845,7.09557320845),.PIECEWISE_BEZIER_KNOTS.);
#3008 = CARTESIAN_POINT('',(1.786755673473,-2.8));
#3009 = CARTESIAN_POINT('',(1.786755673473,2.8));
#3010 = ( GEOMETRIC_REPRESENTATION_CONTEXT(2) 
PARAMETRIC_REPRESENTATION_CONTEXT() REPRESENTATION_CONTEXT('2D SPACE',''
  ) );
#3011 = FACE_BOUND('',#3012,.F.);
#3012 = EDGE_LOOP('',(#3013));
#3013 = ORIENTED_EDGE('',*,*,#3014,.F.);
#3014 = EDGE_CURVE('',#3015,#3015,#3017,.T.);
#3015 = VERTEX_POINT('',#3016);
#3016 = CARTESIAN_POINT('',(57.,20.,2.5));
#3017 = SURFACE_CURVE('',#3018,(#3023,#3030),.PCURVE_S1.);
#3018 = CIRCLE('',#3019,2.);
#3019 = AXIS2_PLACEMENT_3D('',#3020,#3021,#3022);
#3020 = CARTESIAN_POINT('',(55.,20.,2.5));
#3021 = DIRECTION('',(0.,0.,1.));
#3022 = DIRECTION('',(1.,0.,-0.));
#3023 = PCURVE('',#1006,#3024);
#3024 = DEFINITIONAL_REPRESENTATION('',(#3025),#3029);
#3025 = CIRCLE('',#3026,2.);
#3026 = AXIS2_PLACEMENT_2D('',#3027,#3028);
#3027 = CARTESIAN_POINT('',(6.,3.5));
#3028 = DIRECTION('',(2.22044604925E-16,-1.));
#3029 = ( GEOMETRIC_REPRESENTATION_CONTEXT(2) 
PARAMETRIC_REPRESENTATION_CONTEXT() REPRESENTATION_CONTEXT('2D SPACE',''
  ) );
#3030 = PCURVE('',#3031,#3036);
#3031 = CYLINDRICAL_SURFACE('',#3032,2.);
#3032 = AXIS2_PLACEMENT_3D('',#3033,#3034,#3035);
#3033 = CARTESIAN_POINT('',(55.,20.,2.4));
#3034 = DIRECTION('',(0.,0.,1.));
#3035 = DIRECTION('',(1.,0.,-0.));
#3036 = DEFINITIONAL_REPRESENTATION('',(#3037),#3041);
#3037 = LINE('',#3038,#3039);
#3038 = CARTESIAN_POINT('',(0.,1.E-01));
#3039 = VECTOR('',#3040,1.);
#3040 = DIRECTION('',(1.,0.));
#3041 = ( GEOMETRIC_REPRESENTATION_CONTEXT(2) 
PARAMETRIC_REPRESENTATION_CONTEXT() REPRESENTATION_CONTEXT('2D SPACE',''
  ) );
#3042 = ADVANCED_FACE('',(#3043),#1544,.T.);
#3043 = FACE_BOUND('',#3044,.T.);
#3044 = EDGE_LOOP('',(#3045,#3046,#3047));
#3045 = ORIENTED_EDGE('',*,*,#1529,.T.);
#3046 = ORIENTED_EDGE('',*,*,#1630,.T.);
#3047 = ORIENTED_EDGE('',*,*,#1748,.T.);
#3048 = ADVANCED_FACE('',(#3049),#1844,.T.);
#3049 = FACE_BOUND('',#3050,.T.);
#3050 = EDGE_LOOP('',(#3051,#3052));
#3051 = ORIENTED_EDGE('',*,*,#2893,.T.);
#3052 = ORIENTED_EDGE('',*,*,#1827,.T.);
#3053 = ADVANCED_FACE('',(#3054),#1955,.T.);
#3054 = FACE_BOUND('',#3055,.T.);
#3055 = EDGE_LOOP('',(#3056,#3057));
#3056 = ORIENTED_EDGE('',*,*,#2916,.T.);
#3057 = ORIENTED_EDGE('',*,*,#1938,.T.);
#3058 = ADVANCED_FACE('',(#3059),#2066,.T.);
#3059 = FACE_BOUND('',#3060,.T.);
#3060 = EDGE_LOOP('',(#3061,#3062));
#3061 = ORIENTED_EDGE('',*,*,#2816,.T.);
#3062 = ORIENTED_EDGE('',*,*,#2049,.T.);
#3063 = ADVANCED_FACE('',(#3064),#2177,.T.);
#3064 = FACE_BOUND('',#3065,.T.);
#3065 = EDGE_LOOP('',(#3066,#3067));
#3066 = ORIENTED_EDGE('',*,*,#2770,.T.);
#3067 = ORIENTED_EDGE('',*,*,#2160,.T.);
#3068 = ADVANCED_FACE('',(#3069),#2288,.T.);
#3069 = FACE_BOUND('',#3070,.T.);
#3070 = EDGE_LOOP('',(#3071,#3072));
#3071 = ORIENTED_EDGE('',*,*,#2970,.T.);
#3072 = ORIENTED_EDGE('',*,*,#2271,.T.);
#3073 = ADVANCED_FACE('',(#3074,#3077),#2369,.T.);
#3074 = FACE_BOUND('',#3075,.T.);
#3075 = EDGE_LOOP('',(#3076));
#3076 = ORIENTED_EDGE('',*,*,#2354,.T.);
#3077 = FACE_BOUND('',#3078,.T.);
#3078 = EDGE_LOOP('',(#3079));
#3079 = ORIENTED_EDGE('',*,*,#3080,.F.);
#3080 = EDGE_CURVE('',#3081,#3081,#3083,.T.);
#3081 = VERTEX_POINT('',#3082);
#3082 = CARTESIAN_POINT('',(57.,-4.898587196589E-16,4.));
#3083 = SURFACE_CURVE('',#3084,(#3089,#3096),.PCURVE_S1.);
#3084 = CIRCLE('',#3085,2.);
#3085 = AXIS2_PLACEMENT_3D('',#3086,#3087,#3088);
#3086 = CARTESIAN_POINT('',(55.,0.,4.));
#3087 = DIRECTION('',(0.,0.,1.));
#3088 = DIRECTION('',(1.,0.,-0.));
#3089 = PCURVE('',#2369,#3090);
#3090 = DEFINITIONAL_REPRESENTATION('',(#3091),#3095);
#3091 = CIRCLE('',#3092,2.);
#3092 = AXIS2_PLACEMENT_2D('',#3093,#3094);
#3093 = CARTESIAN_POINT('',(0.,0.));
#3094 = DIRECTION('',(1.,0.));
#3095 = ( GEOMETRIC_REPRESENTATION_CONTEXT(2) 
PARAMETRIC_REPRESENTATION_CONTEXT() REPRESENTATION_CONTEXT('2D SPACE',''
  ) );
#3096 = PCURVE('',#3097,#3102);
#3097 = CYLINDRICAL_SURFACE('',#3098,2.);
#3098 = AXIS2_PLACEMENT_3D('',#3099,#3100,#3101);
#3099 = CARTESIAN_POINT('',(55.,0.,1.9));
#3100 = DIRECTION('',(0.,0.,1.));
#3101 = DIRECTION('',(1.,0.,-0.));
#3102 = DEFINITIONAL_REPRESENTATION('',(#3103),#3107);
#3103 = LINE('',#3104,#3105);
#3104 = CARTESIAN_POINT('',(0.,2.1));
#3105 = VECTOR('',#3106,1.);
#3106 = DIRECTION('',(1.,0.));
#3107 = ( GEOMETRIC_REPRESENTATION_CONTEXT(2) 
PARAMETRIC_REPRESENTATION_CONTEXT() REPRESENTATION_CONTEXT('2D SPACE',''
  ) );
#3108 = ADVANCED_FACE('',(#3109),#2454,.T.);
#3109 = FACE_BOUND('',#3110,.T.);
#3110 = EDGE_LOOP('',(#3111,#3112));
#3111 = ORIENTED_EDGE('',*,*,#2993,.T.);
#3112 = ORIENTED_EDGE('',*,*,#2437,.T.);
#3113 = ADVANCED_FACE('',(#3114),#2565,.T.);
#3114 = FACE_BOUND('',#3115,.T.);
#3115 = EDGE_LOOP('',(#3116,#3117));
#3116 = ORIENTED_EDGE('',*,*,#2793,.T.);
#3117 = ORIENTED_EDGE('',*,*,#2548,.T.);
#3118 = ADVANCED_FACE('',(#3119),#2676,.T.);
#3119 = FACE_BOUND('',#3120,.T.);
#3120 = EDGE_LOOP('',(#3121,#3122));
#3121 = ORIENTED_EDGE('',*,*,#2870,.T.);
#3122 = ORIENTED_EDGE('',*,*,#2659,.T.);
#3123 = ADVANCED_FACE('',(#3124),#2754,.F.);
#3124 = FACE_BOUND('',#3125,.F.);
#3125 = EDGE_LOOP('',(#3126,#3149,#3176,#3177));
#3126 = ORIENTED_EDGE('',*,*,#3127,.T.);
#3127 = EDGE_CURVE('',#2738,#3128,#3130,.T.);
#3128 = VERTEX_POINT('',#3129);
#3129 = CARTESIAN_POINT('',(74.320508075689,-10.,8.5));
#3130 = SEAM_CURVE('',#3131,(#3135,#3142),.PCURVE_S1.);
#3131 = LINE('',#3132,#3133);
#3132 = CARTESIAN_POINT('',(74.320508075689,-10.,2.4));
#3133 = VECTOR('',#3134,1.);
#3134 = DIRECTION('',(0.,0.,1.));
#3135 = PCURVE('',#2754,#3136);
#3136 = DEFINITIONAL_REPRESENTATION('',(#3137),#3141);
#3137 = LINE('',#3138,#3139);
#3138 = CARTESIAN_POINT('',(6.28318530718,-0.));
#3139 = VECTOR('',#3140,1.);
#3140 = DIRECTION('',(0.,1.));
#3141 = ( GEOMETRIC_REPRESENTATION_CONTEXT(2) 
PARAMETRIC_REPRESENTATION_CONTEXT() REPRESENTATION_CONTEXT('2D SPACE',''
  ) );
#3142 = PCURVE('',#2754,#3143);
#3143 = DEFINITIONAL_REPRESENTATION('',(#3144),#3148);
#3144 = LINE('',#3145,#3146);
#3145 = CARTESIAN_POINT('',(0.,-0.));
#3146 = VECTOR('',#3147,1.);
#3147 = DIRECTION('',(0.,1.));
#3148 = ( GEOMETRIC_REPRESENTATION_CONTEXT(2) 
PARAMETRIC_REPRESENTATION_CONTEXT() REPRESENTATION_CONTEXT('2D SPACE',''
  ) );
#3149 = ORIENTED_EDGE('',*,*,#3150,.F.);
#3150 = EDGE_CURVE('',#3128,#3128,#3151,.T.);
#3151 = SURFACE_CURVE('',#3152,(#3157,#3164),.PCURVE_S1.);
#3152 = CIRCLE('',#3153,2.);
#3153 = AXIS2_PLACEMENT_3D('',#3154,#3155,#3156);
#3154 = CARTESIAN_POINT('',(72.320508075689,-10.,8.5));
#3155 = DIRECTION('',(0.,0.,1.));
#3156 = DIRECTION('',(1.,0.,-0.));
#3157 = PCURVE('',#2754,#3158);
#3158 = DEFINITIONAL_REPRESENTATION('',(#3159),#3163);
#3159 = LINE('',#3160,#3161);
#3160 = CARTESIAN_POINT('',(0.,6.1));
#3161 = VECTOR('',#3162,1.);
#3162 = DIRECTION('',(1.,0.));
#3163 = ( GEOMETRIC_REPRESENTATION_CONTEXT(2) 
PARAMETRIC_REPRESENTATION_CONTEXT() REPRESENTATION_CONTEXT('2D SPACE',''
  ) );
#3164 = PCURVE('',#3165,#3170);
#3165 = PLANE('',#3166);
#3166 = AXIS2_PLACEMENT_3D('',#3167,#3168,#3169);
#3167 = CARTESIAN_POINT('',(72.320508075689,-10.,8.5));
#3168 = DIRECTION('',(0.,0.,1.));
#3169 = DIRECTION('',(1.,0.,-0.));
#3170 = DEFINITIONAL_REPRESENTATION('',(#3171),#3175);
#3171 = CIRCLE('',#3172,2.);
#3172 = AXIS2_PLACEMENT_2D('',#3173,#3174);
#3173 = CARTESIAN_POINT('',(0.,0.));
#3174 = DIRECTION('',(1.,0.));
#3175 = ( GEOMETRIC_REPRESENTATION_CONTEXT(2) 
PARAMETRIC_REPRESENTATION_CONTEXT() REPRESENTATION_CONTEXT('2D SPACE',''
  ) );
#3176 = ORIENTED_EDGE('',*,*,#3127,.F.);
#3177 = ORIENTED_EDGE('',*,*,#2737,.T.);
#3178 = ADVANCED_FACE('',(#3179),#2854,.T.);
#3179 = FACE_BOUND('',#3180,.T.);
#3180 = EDGE_LOOP('',(#3181,#3182,#3205,#3232));
#3181 = ORIENTED_EDGE('',*,*,#2837,.F.);
#3182 = ORIENTED_EDGE('',*,*,#3183,.F.);
#3183 = EDGE_CURVE('',#3184,#2838,#3186,.T.);
#3184 = VERTEX_POINT('',#3185);
#3185 = CARTESIAN_POINT('',(58.5,-8.572527594031E-16,2.));
#3186 = SEAM_CURVE('',#3187,(#3191,#3198),.PCURVE_S1.);
#3187 = LINE('',#3188,#3189);
#3188 = CARTESIAN_POINT('',(58.5,-8.572527594031E-16,2.));
#3189 = VECTOR('',#3190,1.);
#3190 = DIRECTION('',(0.,0.,1.));
#3191 = PCURVE('',#2854,#3192);
#3192 = DEFINITIONAL_REPRESENTATION('',(#3193),#3197);
#3193 = LINE('',#3194,#3195);
#3194 = CARTESIAN_POINT('',(6.28318530718,-0.));
#3195 = VECTOR('',#3196,1.);
#3196 = DIRECTION('',(0.,1.));
#3197 = ( GEOMETRIC_REPRESENTATION_CONTEXT(2) 
PARAMETRIC_REPRESENTATION_CONTEXT() REPRESENTATION_CONTEXT('2D SPACE',''
  ) );
#3198 = PCURVE('',#2854,#3199);
#3199 = DEFINITIONAL_REPRESENTATION('',(#3200),#3204);
#3200 = LINE('',#3201,#3202);
#3201 = CARTESIAN_POINT('',(0.,-0.));
#3202 = VECTOR('',#3203,1.);
#3203 = DIRECTION('',(0.,1.));
#3204 = ( GEOMETRIC_REPRESENTATION_CONTEXT(2) 
PARAMETRIC_REPRESENTATION_CONTEXT() REPRESENTATION_CONTEXT('2D SPACE',''
  ) );
#3205 = ORIENTED_EDGE('',*,*,#3206,.T.);
#3206 = EDGE_CURVE('',#3184,#3184,#3207,.T.);
#3207 = SURFACE_CURVE('',#3208,(#3213,#3220),.PCURVE_S1.);
#3208 = CIRCLE('',#3209,3.5);
#3209 = AXIS2_PLACEMENT_3D('',#3210,#3211,#3212);
#3210 = CARTESIAN_POINT('',(55.,0.,2.));
#3211 = DIRECTION('',(0.,0.,1.));
#3212 = DIRECTION('',(1.,0.,-0.));
#3213 = PCURVE('',#2854,#3214);
#3214 = DEFINITIONAL_REPRESENTATION('',(#3215),#3219);
#3215 = LINE('',#3216,#3217);
#3216 = CARTESIAN_POINT('',(0.,0.));
#3217 = VECTOR('',#3218,1.);
#3218 = DIRECTION('',(1.,0.));
#3219 = ( GEOMETRIC_REPRESENTATION_CONTEXT(2) 
PARAMETRIC_REPRESENTATION_CONTEXT() REPRESENTATION_CONTEXT('2D SPACE',''
  ) );
#3220 = PCURVE('',#3221,#3226);
#3221 = PLANE('',#3222);
#3222 = AXIS2_PLACEMENT_3D('',#3223,#3224,#3225);
#3223 = CARTESIAN_POINT('',(55.,0.,2.));
#3224 = DIRECTION('',(0.,0.,1.));
#3225 = DIRECTION('',(1.,0.,-0.));
#3226 = DEFINITIONAL_REPRESENTATION('',(#3227),#3231);
#3227 = CIRCLE('',#3228,3.5);
#3228 = AXIS2_PLACEMENT_2D('',#3229,#3230);
#3229 = CARTESIAN_POINT('',(0.,0.));
#3230 = DIRECTION('',(1.,0.));
#3231 = ( GEOMETRIC_REPRESENTATION_CONTEXT(2) 
PARAMETRIC_REPRESENTATION_CONTEXT() REPRESENTATION_CONTEXT('2D SPACE',''
  ) );
#3232 = ORIENTED_EDGE('',*,*,#3183,.T.);
#3233 = ADVANCED_FACE('',(#3234),#2954,.F.);
#3234 = FACE_BOUND('',#3235,.F.);
#3235 = EDGE_LOOP('',(#3236,#3259,#3286,#3287));
#3236 = ORIENTED_EDGE('',*,*,#3237,.T.);
#3237 = EDGE_CURVE('',#2938,#3238,#3240,.T.);
#3238 = VERTEX_POINT('',#3239);
#3239 = CARTESIAN_POINT('',(39.679491924311,-10.,8.5));
#3240 = SEAM_CURVE('',#3241,(#3245,#3252),.PCURVE_S1.);
#3241 = LINE('',#3242,#3243);
#3242 = CARTESIAN_POINT('',(39.679491924311,-10.,2.4));
#3243 = VECTOR('',#3244,1.);
#3244 = DIRECTION('',(0.,0.,1.));
#3245 = PCURVE('',#2954,#3246);
#3246 = DEFINITIONAL_REPRESENTATION('',(#3247),#3251);
#3247 = LINE('',#3248,#3249);
#3248 = CARTESIAN_POINT('',(6.28318530718,-0.));
#3249 = VECTOR('',#3250,1.);
#3250 = DIRECTION('',(0.,1.));
#3251 = ( GEOMETRIC_REPRESENTATION_CONTEXT(2) 
PARAMETRIC_REPRESENTATION_CONTEXT() REPRESENTATION_CONTEXT('2D SPACE',''
  ) );
#3252 = PCURVE('',#2954,#3253);
#3253 = DEFINITIONAL_REPRESENTATION('',(#3254),#3258);
#3254 = LINE('',#3255,#3256);
#3255 = CARTESIAN_POINT('',(0.,-0.));
#3256 = VECTOR('',#3257,1.);
#3257 = DIRECTION('',(0.,1.));
#3258 = ( GEOMETRIC_REPRESENTATION_CONTEXT(2) 
PARAMETRIC_REPRESENTATION_CONTEXT() REPRESENTATION_CONTEXT('2D SPACE',''
  ) );
#3259 = ORIENTED_EDGE('',*,*,#3260,.F.);
#3260 = EDGE_CURVE('',#3238,#3238,#3261,.T.);
#3261 = SURFACE_CURVE('',#3262,(#3267,#3274),.PCURVE_S1.);
#3262 = CIRCLE('',#3263,2.);
#3263 = AXIS2_PLACEMENT_3D('',#3264,#3265,#3266);
#3264 = CARTESIAN_POINT('',(37.679491924311,-10.,8.5));
#3265 = DIRECTION('',(0.,0.,1.));
#3266 = DIRECTION('',(1.,0.,-0.));
#3267 = PCURVE('',#2954,#3268);
#3268 = DEFINITIONAL_REPRESENTATION('',(#3269),#3273);
#3269 = LINE('',#3270,#3271);
#3270 = CARTESIAN_POINT('',(0.,6.1));
#3271 = VECTOR('',#3272,1.);
#3272 = DIRECTION('',(1.,0.));
#3273 = ( GEOMETRIC_REPRESENTATION_CONTEXT(2) 
PARAMETRIC_REPRESENTATION_CONTEXT() REPRESENTATION_CONTEXT('2D SPACE',''
  ) );
#3274 = PCURVE('',#3275,#3280);
#3275 = PLANE('',#3276);
#3276 = AXIS2_PLACEMENT_3D('',#3277,#3278,#3279);
#3277 = CARTESIAN_POINT('',(37.679491924311,-10.,8.5));
#3278 = DIRECTION('',(0.,0.,1.));
#3279 = DIRECTION('',(1.,0.,-0.));
#3280 = DEFINITIONAL_REPRESENTATION('',(#3281),#3285);
#3281 = CIRCLE('',#3282,2.);
#3282 = AXIS2_PLACEMENT_2D('',#3283,#3284);
#3283 = CARTESIAN_POINT('',(0.,0.));
#3284 = DIRECTION('',(1.,0.));
#3285 = ( GEOMETRIC_REPRESENTATION_CONTEXT(2) 
PARAMETRIC_REPRESENTATION_CONTEXT() REPRESENTATION_CONTEXT('2D SPACE',''
  ) );
#3286 = ORIENTED_EDGE('',*,*,#3237,.F.);
#3287 = ORIENTED_EDGE('',*,*,#2937,.T.);
#3288 = ADVANCED_FACE('',(#3289),#3031,.F.);
#3289 = FACE_BOUND('',#3290,.F.);
#3290 = EDGE_LOOP('',(#3291,#3314,#3341,#3342));
#3291 = ORIENTED_EDGE('',*,*,#3292,.T.);
#3292 = EDGE_CURVE('',#3015,#3293,#3295,.T.);
#3293 = VERTEX_POINT('',#3294);
#3294 = CARTESIAN_POINT('',(57.,20.,8.5));
#3295 = SEAM_CURVE('',#3296,(#3300,#3307),.PCURVE_S1.);
#3296 = LINE('',#3297,#3298);
#3297 = CARTESIAN_POINT('',(57.,20.,2.4));
#3298 = VECTOR('',#3299,1.);
#3299 = DIRECTION('',(0.,0.,1.));
#3300 = PCURVE('',#3031,#3301);
#3301 = DEFINITIONAL_REPRESENTATION('',(#3302),#3306);
#3302 = LINE('',#3303,#3304);
#3303 = CARTESIAN_POINT('',(6.28318530718,-0.));
#3304 = VECTOR('',#3305,1.);
#3305 = DIRECTION('',(0.,1.));
#3306 = ( GEOMETRIC_REPRESENTATION_CONTEXT(2) 
PARAMETRIC_REPRESENTATION_CONTEXT() REPRESENTATION_CONTEXT('2D SPACE',''
  ) );
#3307 = PCURVE('',#3031,#3308);
#3308 = DEFINITIONAL_REPRESENTATION('',(#3309),#3313);
#3309 = LINE('',#3310,#3311);
#3310 = CARTESIAN_POINT('',(0.,-0.));
#3311 = VECTOR('',#3312,1.);
#3312 = DIRECTION('',(0.,1.));
#3313 = ( GEOMETRIC_REPRESENTATION_CONTEXT(2) 
PARAMETRIC_REPRESENTATION_CONTEXT() REPRESENTATION_CONTEXT('2D SPACE',''
  ) );
#3314 = ORIENTED_EDGE('',*,*,#3315,.F.);
#3315 = EDGE_CURVE('',#3293,#3293,#3316,.T.);
#3316 = SURFACE_CURVE('',#3317,(#3322,#3329),.PCURVE_S1.);
#3317 = CIRCLE('',#3318,2.);
#3318 = AXIS2_PLACEMENT_3D('',#3319,#3320,#3321);
#3319 = CARTESIAN_POINT('',(55.,20.,8.5));
#3320 = DIRECTION('',(0.,0.,1.));
#3321 = DIRECTION('',(1.,0.,-0.));
#3322 = PCURVE('',#3031,#3323);
#3323 = DEFINITIONAL_REPRESENTATION('',(#3324),#3328);
#3324 = LINE('',#3325,#3326);
#3325 = CARTESIAN_POINT('',(0.,6.1));
#3326 = VECTOR('',#3327,1.);
#3327 = DIRECTION('',(1.,0.));
#3328 = ( GEOMETRIC_REPRESENTATION_CONTEXT(2) 
PARAMETRIC_REPRESENTATION_CONTEXT() REPRESENTATION_CONTEXT('2D SPACE',''
  ) );
#3329 = PCURVE('',#3330,#3335);
#3330 = PLANE('',#3331);
#3331 = AXIS2_PLACEMENT_3D('',#3332,#3333,#3334);
#3332 = CARTESIAN_POINT('',(55.,20.,8.5));
#3333 = DIRECTION('',(0.,0.,1.));
#3334 = DIRECTION('',(1.,0.,-0.));
#3335 = DEFINITIONAL_REPRESENTATION('',(#3336),#3340);
#3336 = CIRCLE('',#3337,2.);
#3337 = AXIS2_PLACEMENT_2D('',#3338,#3339);
#3338 = CARTESIAN_POINT('',(0.,0.));
#3339 = DIRECTION('',(1.,0.));
#3340 = ( GEOMETRIC_REPRESENTATION_CONTEXT(2) 
PARAMETRIC_REPRESENTATION_CONTEXT() REPRESENTATION_CONTEXT('2D SPACE',''
  ) );
#3341 = ORIENTED_EDGE('',*,*,#3292,.F.);
#3342 = ORIENTED_EDGE('',*,*,#3014,.T.);
#3343 = ADVANCED_FACE('',(#3344),#3097,.F.);
#3344 = FACE_BOUND('',#3345,.F.);
#3345 = EDGE_LOOP('',(#3346,#3369,#3370,#3371));
#3346 = ORIENTED_EDGE('',*,*,#3347,.T.);
#3347 = EDGE_CURVE('',#3348,#3081,#3350,.T.);
#3348 = VERTEX_POINT('',#3349);
#3349 = CARTESIAN_POINT('',(57.,-4.898587196589E-16,2.));
#3350 = SEAM_CURVE('',#3351,(#3355,#3362),.PCURVE_S1.);
#3351 = LINE('',#3352,#3353);
#3352 = CARTESIAN_POINT('',(57.,-4.898587196589E-16,1.9));
#3353 = VECTOR('',#3354,1.);
#3354 = DIRECTION('',(0.,0.,1.));
#3355 = PCURVE('',#3097,#3356);
#3356 = DEFINITIONAL_REPRESENTATION('',(#3357),#3361);
#3357 = LINE('',#3358,#3359);
#3358 = CARTESIAN_POINT('',(6.28318530718,-0.));
#3359 = VECTOR('',#3360,1.);
#3360 = DIRECTION('',(0.,1.));
#3361 = ( GEOMETRIC_REPRESENTATION_CONTEXT(2) 
PARAMETRIC_REPRESENTATION_CONTEXT() REPRESENTATION_CONTEXT('2D SPACE',''
  ) );
#3362 = PCURVE('',#3097,#3363);
#3363 = DEFINITIONAL_REPRESENTATION('',(#3364),#3368);
#3364 = LINE('',#3365,#3366);
#3365 = CARTESIAN_POINT('',(0.,-0.));
#3366 = VECTOR('',#3367,1.);
#3367 = DIRECTION('',(0.,1.));
#3368 = ( GEOMETRIC_REPRESENTATION_CONTEXT(2) 
PARAMETRIC_REPRESENTATION_CONTEXT() REPRESENTATION_CONTEXT('2D SPACE',''
  ) );
#3369 = ORIENTED_EDGE('',*,*,#3080,.F.);
#3370 = ORIENTED_EDGE('',*,*,#3347,.F.);
#3371 = ORIENTED_EDGE('',*,*,#3372,.T.);
#3372 = EDGE_CURVE('',#3348,#3348,#3373,.T.);
#3373 = SURFACE_CURVE('',#3374,(#3379,#3386),.PCURVE_S1.);
#3374 = CIRCLE('',#3375,2.);
#3375 = AXIS2_PLACEMENT_3D('',#3376,#3377,#3378);
#3376 = CARTESIAN_POINT('',(55.,0.,2.));
#3377 = DIRECTION('',(0.,0.,1.));
#3378 = DIRECTION('',(1.,0.,-0.));
#3379 = PCURVE('',#3097,#3380);
#3380 = DEFINITIONAL_REPRESENTATION('',(#3381),#3385);
#3381 = LINE('',#3382,#3383);
#3382 = CARTESIAN_POINT('',(0.,1.E-01));
#3383 = VECTOR('',#3384,1.);
#3384 = DIRECTION('',(1.,0.));
#3385 = ( GEOMETRIC_REPRESENTATION_CONTEXT(2) 
PARAMETRIC_REPRESENTATION_CONTEXT() REPRESENTATION_CONTEXT('2D SPACE',''
  ) );
#3386 = PCURVE('',#3221,#3387);
#3387 = DEFINITIONAL_REPRESENTATION('',(#3388),#3392);
#3388 = CIRCLE('',#3389,2.);
#3389 = AXIS2_PLACEMENT_2D('',#3390,#3391);
#3390 = CARTESIAN_POINT('',(0.,0.));
#3391 = DIRECTION('',(1.,0.));
#3392 = ( GEOMETRIC_REPRESENTATION_CONTEXT(2) 
PARAMETRIC_REPRESENTATION_CONTEXT() REPRESENTATION_CONTEXT('2D SPACE',''
  ) );
#3393 = ADVANCED_FACE('',(#3394),#3165,.F.);
#3394 = FACE_BOUND('',#3395,.F.);
#3395 = EDGE_LOOP('',(#3396));
#3396 = ORIENTED_EDGE('',*,*,#3150,.T.);
#3397 = ADVANCED_FACE('',(#3398,#3401),#3221,.F.);
#3398 = FACE_BOUND('',#3399,.F.);
#3399 = EDGE_LOOP('',(#3400));
#3400 = ORIENTED_EDGE('',*,*,#3206,.T.);
#3401 = FACE_BOUND('',#3402,.F.);
#3402 = EDGE_LOOP('',(#3403));
#3403 = ORIENTED_EDGE('',*,*,#3372,.F.);
#3404 = ADVANCED_FACE('',(#3405),#3275,.F.);
#3405 = FACE_BOUND('',#3406,.F.);
#3406 = EDGE_LOOP('',(#3407));
#3407 = ORIENTED_EDGE('',*,*,#3260,.T.);
#3408 = ADVANCED_FACE('',(#3409),#3330,.F.);
#3409 = FACE_BOUND('',#3410,.F.);
#3410 = EDGE_LOOP('',(#3411));
#3411 = ORIENTED_EDGE('',*,*,#3315,.T.);
#3412 = ( GEOMETRIC_REPRESENTATION_CONTEXT(3) 
GLOBAL_UNCERTAINTY_ASSIGNED_CONTEXT((#3416)) 
GLOBAL_UNIT_ASSIGNED_CONTEXT((#3413,#3414,#3415)) REPRESENTATION_CONTEXT
('Context #1','3D Context with UNIT and UNCERTAINTY') );
#3413 = ( LENGTH_UNIT() NAMED_UNIT(*) SI_UNIT(.MILLI.,.METRE.) );
#3414 = ( NAMED_UNIT(*) PLANE_ANGLE_UNIT() SI_UNIT($,.RADIAN.) );
#3415 = ( NAMED_UNIT(*) SI_UNIT($,.STERADIAN.) SOLID_ANGLE_UNIT() );
#3416 = UNCERTAINTY_MEASURE_WITH_UNIT(LENGTH_MEASURE(1.E-07),#3413,
  'distance_accuracy_value','confusion accuracy');
#3417 = PRODUCT_RELATED_PRODUCT_CATEGORY('part',$,(#7));
ENDSEC;
END-ISO-10303-21;
